Boardgame Players Association,,,,,,,,,,,,
2026 WBC Schedule,,,,,,,,,,,,
,,,,,,,,,,,,
Chronological Web Schedule,,,,,,,,,,,,
,,,,,,,,,,,,
Date,Day Code,Time,Event Code,Event,Round/Heat,Class,Format,Style,Duration,Location,GM,Change Date
First Friday,,,,,,,,,,,,
7/24/26,FFr,15,--,Shuttle from Pittsburgh Airport,--,--,--,--,2,Airport,Seven Springs,
7/24/26,FFr,16,--,Open Gaming,--,--,--,--,8,Exhibit Hall,"Gutermuth, Ken",
7/24/26,FFr,19,--,Registration,--,--,--,--,2,Stag Pass,"Gutermuth, Ken",
7/24/26,FFr,20,--,Shuttle from Pittsburgh Airport,--,--,--,--,2,Airport,Seven Springs,
7/24/26,FFr,23,--,Shuttle from Pittsburgh Airport,--,--,--,--,2,Airport,Seven Springs,
First Saturday,,,,,,,,,,,,
7/25/26,FSa,8,--,Registration,--,--,--,--,12,Stag Pass,"Gutermuth, Ken",
7/25/26,FSa,9,--,Open Gaming,--,--,--,--,15,Exhibit Hall,"Buckwalter, Scott",
7/25/26,FSa,9,--,Open Gaming Library Opens,--,--,--,--,6,Exhibit Hall,"Buckwalter, Scott",
7/25/26,FSa,9,7WD,7 Wonders Duel,Demo 1/1,--,--,--,1,Exhibit Hall Annex #1,"Maguire, Patrick",
7/25/26,FSa,9,8XX,18xx,Demo 1/1,--,,--,1,Alpine,"McCorry, Tom",
7/25/26,FSa,9,AMR,Amun Re,Demo 1/1,--,--,---,1,Timberstone,"Freeman, Eric",
7/25/26,FSa,9,CAS,Cascadia,Demo 1/1,--,--,---,1,Exhibit Hall Annex #3,"Allen, Henry",
7/25/26,Fsa,9,EVD,Everdell,Demo 1/1,--,--,---,1,Exhibit Hall Annex #4,"Martin, Andrew",
7/25/26,FSa,9,5TR,Five Tribes,Demo 1/1,--,--,---,1,Exhibit Hall Annex #5,"Wildes, Chris",
7/25/26,FSa,9,PZB,Panzerblitz,Demo 1/1,--,--,---,1,Winterberry,"Northey, Rick",
7/25/26,FSa,9,ROT,Root,Demo 1/1,--,--,---,1,Sunburst,"McKinnes, Luke",
7/25/26,FSa,9,SJN,San Juan,Demo 1/1,--,--,---,1,Fox Den,"Mullet, Jeff",
7/25/26,FSa,9,SKG,Sekigahara,Demo 1/1,--,--,---,1,Exhibit Hall Annex #2,"Mishler, Dennis",
7/25/26,FSa,9,SMW,Small World,Demo 1/1,--,--,---,1,Grand Ballroom,"O'Flynn, Tim",
7/25/26,FSa,9,SP2,Splendor Duel,Demo 1/1,--,--,---,1,Exhibit Hall Annex #6,"Chauvin, Carl",
7/25/26,FSa,9,SCC,Stock Car Championship Racing,Demo 1/1,--,--,---,1,Exhibit Hall Annex #7,"Wolfe, David",
7/25/26,FSa,9,AGE,Through the Ages,Demo 1/1,--,--,---,1,Wintergreen,"Buehler, Randy",
7/25/26,FSa,9,THA,Thunder Alley,Demo 1/1,--,--,---,1,Exhibit Hall Annex #8,"Collins II, Curt",
7/25/26,FSa,9,VSD,Vegas Showdown,Demo 1/1,--,--,---,1,Exhibit Hall Annex #9,"Kaltman, Mike",
7/25/26,FSa,9,AFK,Afrika Korps,Round 1/7,A,SwEl,Freeform,7,Winterberry,"Sinigaglio, Bruno",
7/25/26,FSa,9,AUC,Auction,Heat 1/4,B,HWO,Scheduled,1,Chestnut,"Kyrkos, Vassili",
7/25/26,FSa,9,BWD,Bitter Woods,Round 1/7,A,SwEl,Freeform,7,Winterberry,"Sinigaglio, Bruno",
7/25/26,FSa,9,PZB,Panzerblitz,Round 1/7,B,SwEl,Freeform,6,Winterberry,"Northey, Rick",
7/25/26,FSa,9,SQL,Squad Leader,Round 1/7,A,SwEl,Freeform,4,Winterberry,Pollard. Pete,
7/25/26,FSa,9,TRC,The Russian Campaign,Round 1/7,A,SwEl,Freeform,5,Winterberry,"Karahalios, George",
7/25/26,FSa,9,WSM,Wooden Ships & Iron Men,Round 1/8,B,SwEl,Freeform,2,Winterberry,"Hitchings, Tim",
7/25/26,FSa,10,ACV,Advanced Civilization,Demo 1/1,--,--,---,1,Exhibit Hall Annex #7,"Spencer, Jay",
7/25/26,FSa,10,BSN,Beyond the Sun,Demo 1/1,--,--,---,1,Exhibit Hall Annex #1,"Wu, Jeff",
7/25/26,FSa,10,HRC,Hannibal: Rome vs Carthage,Demo 1/1,--,--,---,1,Exhibit Hall Annex #6,"Tucker, Stuart",
7/25/26,FSa,10,AMR,Amun Re,Heat 1/3,B,HMW-P,Scheduled,2,Timberstone,"Freeman, Eric",
7/25/26,FSa,10,CAS,Cascadia,Heat 1/3,B,HWO,Scheduled,2,Seasons,"Allen, Henry",
7/25/26,FSa,10,ROT,Root,Heat 1/3,C,HWO,Scheduled,3,Sunburst,"McKinnes, Luke",
7/25/26,FSa,10,SJN,San Juan,Round 1/5,B,SwEl,Continuous,1,Fox Den,"Mullet, Jeff",
7/25/26,FSa,10,SMW,Small World,Heat 1/3,B,HMW-P,Scheduled,2,Grand Ballroom,"O'Flynn, Tim",
7/25/26,FSa,10,AGE,Through the Ages,Heat 1/1,A,HMW-P,Scheduled,4,Wintergreen,"Buehler, Randy",
7/25/26,FSa,11,WAW,A World at War,Demo 1/1,--,--,--,1,Winterberry,"Hamscher, Walter",
7/25/26,FSa,11,8XX,18xx,Heat 1/4,B,HMW-T,Scheduled,6,Alpine,"McCorry, Tom",
7/25/26,FSa,11,SJN,San Juan,Round 2/5,B,SwEl,Continuous,1,Fox Den,"Mullet, Jeff",
7/25/26,FSa,12,--,Shuttle from Pittsburgh Airport,--,--,--,--,2,Airport,Seven Springs,
7/25/26,FSa,12,7WS,7 Wonders,Heat 1/3,B,HMW-P,Scheduled,2,Grand Ballroom,"Shea, Elizabeth",
7/25/26,FSa,12,WAW,A World at War,Round 1/1,B,SE,Continuous,60,Winterberry,"Hamscher, Walter",
7/25/26,FSa,12,ACV,Advanced Civilization,Heat 1/2,B,HMW-P,Scheduled,8,First Tracks Slopeside,"Spencer, Jay",
7/25/26,FSa,12,BSN,Beyond the Sun,Heat 1/3,B,HMW-P,Scheduled,2,Snowflake,"Wu, Jeff",
7/25/26,FSa,12,CAS,Cascadia,Heat 2/3,B,HWO,Scheduled,2,Seasons,"Allen, Henry",
7/25/26,FSa,12,SJN,San Juan,Round 3/5,B,SwEl,Continuous,1,Fox Den,"Mullet, Jeff",
7/25/26,FSa,12,SMW,Small World,Heat 2/3,B,HMW-P,Scheduled,2,Alpine,"O'Flynn, Tim",
7/25/26,FSa,13,CTN,Catan,Demo 1/1,--,--,---,1,Exhibit Hall Annex #7,"Gitzen II, John",
7/25/26,FSa,13,POG,Paths of Glory,Mulligan,C,SEM,Scheduled,6,Winterberry,"Gregorio, Alex",
7/25/26,FSa,13,SJN,San Juan,Round 4/5,B,SwEl,Continuous,1,Fox Den,"Mullet, Jeff",
7/25/26,FSa,14,DOM,Dominion,Heat 1/3,B,HWO,Scheduled,1,Seasons,"Bielefeldt, Russ",
7/25/26,FSa,14,GWT,Great Western Trail,Heat 1/3,A,HMW-P,Scheduled,3,Snowflake,"Versak, Dalton",
7/25/26,FSa,14,HRC,Hannibal: Rome vs Carthage,Round 1/5,A,SW,Continuous,5,Maple,"Tucker, Stuart",
7/25/26,FSa,14,SJN,San Juan,Round 5/5,B,SwEl,Continuous,1,Fox Den,"Mullet, Jeff",
7/25/26,FSa,14,SKG,Sekigahara,Mulligan,C,SwEl,Continuous,4,First Tracks Poolside,"Mishler, Dennis",
7/25/26,FSa,14,THA,Thunder Alley,Heat 1/3,B,HMW-T,Scheduled,3,Timberstone,"Collins II, Curt",
7/25/26,FSa,15,7WS,7 Wonders,Heat 2/3,B,HMW-P,Scheduled,2,Grand Ballroom,"Shea, Elizabeth",
7/25/26,FSa,15,5TR,Five Tribes,Heat 1/3,B,HMW-P,Scheduled,2,Sunburst,"Wildes, Chris",
7/25/26,FSa,15,SJN,San Juan,Quarterfinal,B,SwEl,Continuous,1,Fox Den,"Mullet, Jeff",
7/25/26,FSa,16,JCY,John Company,Demo 1/1,--,--,---,1,Exhibit Hall Annex #1,"Burdett, Jeff",
7/25/26,FSa,16,SRM,Star Wars: Outer Rim,Demo 1/1,--,--,---,1,Exhibit Hall Annex #3,"Sample, Martin",
7/25/26,FSa,16,TT2,Titan 2-Player,Demo 1/1,--,--,---,1,Exhibit Hall Annex #5,"desJardins, David",
7/25/26,FSa,16,TNW,The Napoleonic Wars,Demo 1/2,--,--,---,1,Exhibit Hall Annex #8,"Williams, Gareth",
7/25/26,FSa,16,CTN,Catan,Round 1/3,B,HMW-P,Scheduled,2,Grand Ballroom,"Gitzen II, John",
7/25/26,FSa,16,RDG,Ra: The Dice Game,Heat 1/3,B,HWO,Scheduled,1,Seasons,"Del Carpio, Tina",
7/25/26,FSa,16,SJN,San Juan,Semifinal,B,SwEl,Continuous,1,Fox Den,"Mullet, Jeff",
7/25/26,FSa,17,--,Shuttle from Pittsburgh Airport,--,--,--,--,2,Airport,Seven Springs,
7/25/26,FSa,17 ,7WS,7 Wonders,Demo 1/1,--,--,--,1,Exhibit Hall Annex #7,"Shea, Elizabeth",
7/25/26,FSa,17,SAG,Sagrada,Demo 1/1,--,--,---,1,Exhibit Hall Annex #1,"Schreier, Daron",
7/25/26,FSa,17,AGR,Agricola,Heat 1/3,A,HMW-P,Scheduled,3,Snowflake,"Sperling, Lumin",
7/25/26,FSa,17,ROT,Root,Heat 2/3,C,HWO,Scheduled,3,Sunburst,"McKinnes, Luke",
7/25/26,FSa,17,SP2,Splendor Duel,Heat 1/2,B,HWO,Scheduled,2,Seasons,"Chauvin, Carl",
7/25/26,FSa,17,TTN,Titan,Heat 1/4,A,HMW-P,Scheduled,5,First Tracks Poolside,"desJardins, David",
7/25/26,FSa,17,SJN,San Juan,Final,B,SwEl,Continuous,1,Fox Den,"Mullet, Jeff",
7/25/26,FSa,18,--,Large Game Collection Management,--,--,--,--,1,Dogwood,"Engelmann, Eric",
7/25/26,FSa,18,CAR,Carcassonne,Demo 1/1,--,--,---,1,Exhibit Hall Annex #1,"Hammond, Kevin",
7/25/26,FSa,18,VIP,Victory in the Pacific,Demo 1/1,--,--,---,1,Exhibit Hall Annex #6,"Drozd, Ted",
7/25/26,FSa,18,8XX,18xx,Heat 2/4,B,HMW-T,Scheduled,6,Alpine,"McCorry, Tom",
7/25/26,FSa,18,CTN,Catan,Round 2/3,B,HMW-P,Scheduled,2,Grand Ballroom,"Gitzen II, John",
7/25/26,FSa,18,JCY,John Company,Heat 1/2,B,HMW-P,Scheduled,5,Alpine,"Burdett, Jeff",
7/25/26,FSa,18,SCC,Stock Car Championship Racing,Heat 1/3,B,HMW-P,Scheduled,2,First Tracks Center,"Wolfe, David",
7/25/26,FSa,18,TNW,The Napoleonic Wars,Heat 1/3,B,HE,Scheduled,6,Wagner's Run,"Williams, Gareth",
7/25/26,FSa,19,7WS,7 Wonders,Heat 3/3,B,HMW-P,Scheduled,2,Grand Ballroom,"Shea, Elizabeth",
7/25/26,FSa,19,5TR,Five Tribes,Heat 2/3,B,HMW-P,Scheduled,2,Sunburst,"Wildes, Chris",
7/25/26,FSa,19,HRC,Hannibal: Rome vs Carthage,Round 2/5,A,SW,Continuous,5,Maple,"Tucker, Stuart",
7/25/26,FSa,19,SRM,Star Wars: Outer Rim,Heat 1/3,B,HMW-T,Scheduled,3,Alpine,"Sample, Martin",
7/25/26,FSa,20,MED,Medici,Demo 1/1,--,--,---,1,Exhibit Hall Annex #2,"Cornett, Jeff",
7/25/26,FSa,20,RDG,Ra: The Dice Game,Demo 1/1,--,--,---,1,Exhibit Hall Annex #5,"Del Carpio, Tina",
7/25/26,FSa,20,AOA,Ace of Aces,Heat 1/4,C,SwEl,Freeform,1,Chestnut,"Chesnut, Matt",
7/25/26,FSa,20,AOR,Age of Renaissance,Heat 1/2,B,HMW-P,Scheduled,4,Alpine,"Spencer, Jay",
7/25/26,FSa,20,AGR,Agricola,Heat 2/3,A,HMW-P,Scheduled,3,Snowflake,"Sperling, Lumin",
7/25/26,FSa,20,CTN,Catan,Round 3/3,B,HMW-P,Scheduled,2,Grand Ballroom,"Gitzen II, John",
7/25/26,FSa,21,MED,Medici,Heat 1/3,C,HWO,Scheduled,2,Seasons,"Cornett, Jeff",
7/25/26,FSa,21,RRR,Russian Railroads,Heat 1/3,A,HMW-T,Scheduled,2,Sunburst,"Collins II, Curt",
7/25/26,FSa,22,--,Shuttle from Pittsburgh Airport,--,--,--,--,2,Airport,Seven Springs,
7/25/26,FSa,22,LAS,Las Vegas,Round 1/1,C,SE,Continuous,1,Grand Ballroom,"Wojtaszczyk, Laurie",
7/25/26,FSa,23,LAS,Las Vegas,Round 2/2,C,SE,Continuous,1,Grand Ballroom,"Wojtaszczyk, Laurie",
7/25/26,FSa,24,--,Open Gaming Library Closes,--,--,--,--,--,Exhibit Hall,"Buckwalter, Scott",
7/25/26,FSa,24,LAS,Las Vegas,Semifinal,C,SE,Continuous,1,Grand Ballroom,"Wojtaszczyk, Laurie",
First Sunday,,,,,,,,,,,,
7/26/26,FSu,1,LAS,Las Vegas,Final,C,SE,Continuous,1,Grand Ballroom,"Wojtaszczyk, Laurie",
7/26/26,FSu,7:30,--,Yoga for all levels,--,--,--,--,0.75,Ski Lodge Deck,"Lewis, Jeff",
7/26/26,FSu,8,--,Registration,--,--,--,--,12,Stag Pass,"Gutermuth, Ken",
7/26/26,FSu,8,--,Christian Worship Service,--,--,--,--,1,Sunburst,"Petroski, Glenn",
7/26/26,FSu,9,--,Open Gaming,--,--,--,--,15,Exhibit Hall,"Buckwalter, Scott",
7/26/26,FSu,9,--,Open Gaming Library Opens,--,--,--,--,15,Exhibit Hall,"Buckwalter, Scott",
7/26/26,FSu,9,C&K,Catan: Cities & Knights,Demo 1/1,--,--,---,1,Exhibit Hall Annex #7,"Gnech, Chris",
7/26/26,FSu,9,FL7,Flip 7,Demo 1/1,--,--,---,1,Exhibit Hall Annex #9,"Warrender, Kevin",
7/26/26,Fsu,9,GAP,Gaia Project,Demo 1/1,--,--,---,1,Exhibit Hall Annex #1,"Cederquist, Dave",
7/26/26,FSu,9,MMS,March Madness,Demo 1/1,--,--,---,1,Exhibit Hall Annex #2,"Reiff, Bruce",
7/26/26,FSu,9,PGD,Power Grid,Demo 1/1,--,--,---,1,Exhibit Hall Annex #4,"Munson, Mike",
7/26/26,FSu,9,VGQ,Virgin Queen,Demo 1/1,--,--,---,1,Exhibit Hall Annex #9,"Beach, Ed",
7/26/26,FSu,9,8XX,18xx,Heat 3/4,B,HMW-T,Scheduled,6,Alpine,"McCorry, Tom",
7/26/26,FSu,9,ACV,Advanced Civilization,Heat 2/2,B,HMW-P,Scheduled,8,First Tracks Slopeside,"Spencer, Jay",
7/26/26,FSu,9,AFK,Afrika Korps,Round 2/7,A,SwEl,Freeform,7,Winterberry,"Sinigaglio, Bruno",
7/26/26,FSu,9,BWD,Bitter Woods,Round 2/7,A,SwEl,Freeform,7,Winterberry,"Sinigaglio, Bruno",
7/26/26,FSu,9,CAR,Carcassonne,Round 1/6,B,SE,Continuous,1,Seasons,"Hammond, Kevin",
7/26/26,FSu,9,GWT,Great Western Trail,Heat 2/3,A,HMW-P,Scheduled,3,Wintergreen,"Versak, Dalton",
7/26/26,FSu,9,HRC,Hannibal: Rome vs Carthage,Round 3/5,A,SW,Continuous,5,Maple,"Tucker, Stuart",
7/26/26,FSu,9,PZB,Panzerblitz,Round 2/7,B,SwEl,Freeform,6,Winterberry,"Northey, Rick",
7/26/26,FSu,9,POG,Paths of Glory,Round 1/2,C,SEM,Scheduled,6,Winterberry,"Gregorio, Alex",
7/26/26,FSu,9,RRR,Russian Railroads,Heat 2/3,A,HMW-T,Scheduled,2,Wintergreen,"Collins II, Curt",
7/26/26,FSu,9,SMW,Small World,Heat 3/3,B,HMW-P,Scheduled,2,Grand Ballroom,"O'Flynn, Tim",
7/26/26,FSu,9,SQL,Squad Leader,Round 2/7,A,SwEl,Freeform,4,Winterberry,Pollard. Pete,
7/26/26,FSu,9,TRC,The Russian Campaign,Round 2/7,A,SwEl,Freeform,5,Winterberry,"Karahalios, George",
7/26/26,FSu,9,VIP,Victory in the Pacific,Round 1/5,B,SwEl,Continuous,5,Snowflake,"Drozd, Ted",
7/26/26,FSu,9,WSM,Wooden Ships & Iron Men,Round 2/8,B,SwEl,Freeform,2,Winterberry,"Hitchings, Tim",
7/26/26,FSu,10,--,Catholic Mass,--,--,--,--,1,Sunburst,Seven Springs,
7/26/26,FSu,10,ADV,Adel Verpflichtet,Demo 1/1,--,--,--,1,Exhibit Hall Annex #5,"Bender, Angela",
7/26/26,FSu,10,EIS,Enemy in Sight,Demo 1/1,--,--,---,1,Exhibit Hall Annex #8,"Evinger, Matt",
7/26/26,FSu,10,AGR,Agricola,Heat 3/3,A,HMW-P,Scheduled,3,Seasons,"Sperling, Lumin",
7/26/26,FSu,10,CAR,Carcassonne,Round 2/6,B,SE,Continuous,1,Seasons,"Hammond, Kevin",
7/26/26,FSu,10,C&K,Catan: Cities & Knights,Heat 1/2,B,HMW-P,Scheduled,3,Seasons,"Gnech, Chris",
7/26/26,FSu,10,GAP,Gaia Project,Heat 1/3,B,HMW-P,Scheduled,3,Grand Ballroom,"Cederquist, Dave",
7/26/26,FSu,10,MMS,March Madness,Heat 1/4,B,HMSE,Scheduled,3,Evergreen,"Reiff, Bruce",
7/26/26,FSu,10,SRM,Star Wars: Outer Rim,Heat 2/3,B,HMW-T,Scheduled,3,Alpine,"Sample, Martin",
7/26/26,Fsu,10,TT2,Titan 2-Player,Round 1/2,B,HMSE,Scheduled,5,First Tracks Poolside,"desJardins, David",
7/26/26,FSu,11,AZL,Azul,Demo 1/1,--,--,---,1,Exhibit Hall Annex #1,"Speaker, Eric",
7/26/26,FSu,11,BXC,Boxcars,Demo 1/1,--,--,---,1,Exhibit Hall Annex #6,"Bromley, Trella",
7/26/26,FSu,11,FFM,Freeman's Farm,Demo 1/1,--,--,---,1,Foggy Brews,"Lange, Jeff",
7/26/26,FSu,11,AOA,Ace of Aces,Heat 2/4,C,SwEl,Freeform,1,Chestnut,"Chesnut, Matt",
7/26/26,FSu,11,ADV,Adel Verpflichtet,Heat 1/3,B,HMW-P,Scheduled,2,Wintergreen,"Bender, Angela",
7/26/26,FSu,11,BSN,Beyond the Sun,Heat 2/3,B,HMW-P,Scheduled,2,Fox Den,"Wu, Jeff",
7/26/26,FSu,11,CAR,Carcassonne,Round 3/6,B,SE,Continuous,1,Seasons,"Hammond, Kevin",
7/26/26,FSu,11,VGQ,Virgin Queen,Heat 1/2,B,HMW-P,Scheduled,6,Wagner's Run,"Beach, Ed",
7/26/26,FSu,12,DOM,Dominion,Demo 1/1,--,--,---,1,Exhibit Hall Annex #2,"Bielefeldt, Russ",
7/26/26,FSu,12,ELG,El Grande,Demo 1/1,--,--,---,1,Exhibit Hall Annex #5,"Flowers, Rob",
7/26/26,FSu,12,AZL,Azul,Heat 1/3,B,HMW-P,Scheduled,1,Grand Ballroom,"Speaker, Eric",
7/26/26,FSu,12,CAR,Carcassonne,Round 4/6,B,SE,Continuous,1,Seasons,"Hammond, Kevin",
7/26/26,FSu,13,BXC,Boxcars,Heat 1/3,B,HMW-P,Scheduled,4,Fox Den,"Bromley, Trella",
7/26/26,FSu,13,CAR,Carcassonne,Round 5/6,B,SE,Continuous,1,Seasons,"Hammond, Kevin",
7/26/26,FSu,13,C&K,Catan: Cities & Knights,Heat 2/2,B,HMW-P,Scheduled,3,Seasons,"Gnech, Chris",
7/26/26,FSu,13,ELG,El Grande,Heat 1/3,B,HMW-P,Scheduled,2,Grand Ballroom,"Flowers, Rob",
7/26/26,FSu,13,EVD,Everdell,Heat 1/2,B,HMW-P,Scheduled,2,Fox Den,"Martin, Andrew",
7/26/26,FSu,13,5TR,Five Tribes,Heat 3/3,B,HMW-P,Scheduled,2,Sunburst,"Wildes, Chris",
7/26/26,FSu,13,SMW,Small World,Semifinal,B,HMW-P,Scheduled,2,Grand Ballroom,"O'Flynn, Tim",
7/26/26,FSu,14,AUC,Auction,Demo 1/1,--,--,---,1,Exhibit Hall Annex #1,"Kyrkos, Vassili",
7/26/26,FSu,14,COB,Castles of Burgundy,Demo 1/1,--,--,---,1,Exhibit Hall Annex #4,"Irving, Richard",
7/26/26,FSu,14,SWS,Swords & Sails,Demo 1/1,--,--,---,1,Exhibit Hall,"Williams, Jason",
7/26/26,FSu,14,CAR,Carcassonne,Round 6/6,B,SE,Continuous,1,Seasons,"Hammond, Kevin",
7/26/26,FSu,14,HRC,Hannibal: Rome vs Carthage,Round 4/5,A,SW,Continuous,5,Maple,"Tucker, Stuart",
7/26/26,FSu,14,VIP,Victory in the Pacific,Round 2/5,B,SwEl,Continuous,5,Snowflake,"Drozd, Ted",
7/26/26,FSu,14,WAT,Waterloo,Round 1/5,A,SwEl,Freeform,6,Winterberry,"Musella, Martin",
7/26/26,FSu,14,7WS,7 Wonders,Quarterfinal,B,HMW-P,Scheduled,2,Grand Ballroom,"Shea, Elizabeth",
7/26/26,FSu,15,V19,Versailles 1919,Demo 1/1,--,--,---,1,Exhibit Hall Annex #2,"Pettis, Roy",
7/26/26,FSu,15,AKN,Ark Nova,Heat 1/2,A,HWO,Scheduled,3,Seasons,"Weaver, Chad",
7/26/26,FSu,15,AUC,Auction,Heat 2/4,B,HWO,Scheduled,1,Chestnut,"Kyrkos, Vassili",
7/26/26,FSu,15,BSN,Beyond the Sun,Heat 3/3,B,HMW-P,Scheduled,2,Wintergreen,"Wu, Jeff",
7/26/26,FSu,15,FDE,Formula De,Heat 1/4,C,HMW-P,Scheduled,3,Alpine,"Meader, Eric",
7/26/26,FSu,15,FFM,Freeman's Farm,Heat 1/4,B,HMW-P,Scheduled,3,Foggy Brews,"Lange, Jeff",
7/26/26,FSu,15,NVG,Navegador,Heat 1/3,B,HMW-P,Scheduled,2,Sunburst,"Martin, Chad",
7/26/26,FSu,15,CAR,Carcassonne,Semifinal,B,SE,Continuous,1,Seasons,"Hammond, Kevin",
7/26/26,FSu,15,SMW,Small World,Final,B,HMW-P,Scheduled,2,Grand Ballroom,"O'Flynn, Tim",
7/26/26,FSu,16,,Juniors Meet and Greet,--,--,--,--,2,Hemlock,"Byrd, Megan",
7/26/26,FSu,16,FBS,Football Strategy,Demo 1/1,--,--,---,1,Exhibit Hall Annex #1,"Schoose, Bert",
7/26/26,FSu,16,SPD,Splendor,Demo 1/1,--,--,---,1,Exhibit Hall Annex #5,"Murray, Rob",
7/26/26,FSu,16,CAR,Carcassonne,Final,B,SE,Continuous,1,Seasons,"Hammond, Kevin",
7/26/26,FSu,16,COB,Castles of Burgundy,Round 1/3,B,HMW-P,Scheduled,3,Sunburst,"Irving, Richard",
7/26/26,FSu,16,POG,Paths of Glory,Round 2/2,C,SEM,Scheduled,6,Winterberry,"Gregorio, Alex",
7/26/26,FSu,16,7WS,7 Wonders,Semifinal,B,HMW-P,Scheduled,2,Grand Ballroom,"Shea, Elizabeth",
7/26/26,FSu,17,--,Shuttle from Pittsburgh Airport,--,--,--,--,2,Airport,Seven Springs,
7/26/26,FSu,17,ABN,Air Baron,Demo 1/1,--,--,---,1,Exhibit Hall Annex #1,"Jamelli, Max",
7/26/26,FSu,17,EPB,Empire Builder,Demo 1/1,--,--,---,1,Exhibit Hall Annex #2,"Bromley, Trella",
7/26/26,FSu,17,GXT,Galaxy Trucker,Demo 1/1,--,--,---,1,Exhibit Hall Annex #4,"Finberg, David",
7/26/26,FSu,17,IVH,Ivanhoe,Demo 1/1,--,--,---,1,Exhibit Hall Annex #8,"Roeper, Barb",
7/26/26,FSu,17,SWR,Star Wars: Rebellion,Demo 1/1,--,--,---,1,Exhibit Hall Annex #7,"Gregorio, Alex",
7/26/26,FSu,17,STA,Stone Age,Demo 1/1,--,--,---,1,Exhibit Hall Annex #6,"Stufflet, Dave",
7/26/26,FSu,17,8XX,18xx,Heat 4/4,B,HMW-T,Scheduled,6,Alpine,"McCorry, Tom",
7/26/26,FSu,17,FBS,Football Strategy,Heat 1/2,B,HMSE,Scheduled,7,Evergreen,"Schoose, Bert",
7/26/26,FSu,17,SPD,Splendor,Heat 1/3,B,HMW-P,Scheduled,1,Grand Ballroom,"Murray, Rob",
7/26/26,FSu,17,WOR,War of the Ring,Mulligan,C,SEM,Continuous,4,Fox Den,"Martin, Jeromey",
7/26/26,FSu,18,DOM,Dominion,Heat 2/3,B,HWO,Scheduled,1,Seasons,"Bielefeldt, Russ",
7/26/26,FSu,18,EPB,Empire Builder,Heat 1/3,B,HMW-P,Scheduled,4,Wintergreen,"Bromley, Trella",
7/26/26,FSu,18,IVH,Ivanhoe,Heat 1/3,B,HMW-P,Scheduled,2,Timberstone,"Roeper, Barb",
7/26/26,FSu,18,RA!,Ra!,Heat 1/4,B,HMW-P,Scheduled,2,Grand Ballroom,"Bove, Alex",
7/26/26,FSu,18,SP2,Splendor Duel,Heat 2/2,B,HWO,Scheduled,2,Seasons,"Chauvin, Carl",
7/26/26,FSu,18,STA,Stone Age,Heat 1/3,B,HWO,Scheduled,2,Seasons,"Stufflet, Dave",
7/26/26,FSu,18,VGQ,Virgin Queen,Heat 2/2,B,HMW-P,Scheduled,6,Wagner's Run,"Beach, Ed",
7/26/26,FSu,19,BAR,Battles of the American Revolution,Demo 1/1,--,--,---,1,Foggy Brews,"Miklos, Mark",
7/26/26,Fsu,19,ABN,Air Baron,Heat 1/4,B,HMW-P,Scheduled,3,Dogwood,"Jamelli, Max",
7/26/26,FSu,19,GXT,Galaxy Trucker,Heat 1/3,B,HMW-P,Scheduled,2,First Tracks Poolside,"Finberg, David",
7/26/26,FSu,19,HRC,Hannibal: Rome vs Carthage,Round 5/5,A,SW,Continuous,5,Maple,"Tucker, Stuart",
7/26/26,FSu,19,SAG,Sagrada,Heat 1/3,B,HMW-P,Scheduled,1,Seasons,"Schreier, Daron",
7/26/26,FSu,19,SWR,Star Wars: Rebellion,Mulligan,C,SEM,Scheduled,4,Fox Den,"Gregorio, Alex",
7/26/26,FSu,19,VIP,Victory in the Pacific,Round 3/5,B,SwEl,Continuous,5,Snowflake,"Drozd, Ted",
7/26/26,FSu,20,AMR,Amun Re,Heat 2/3,B,HMW-P,Scheduled,2,Timberstone,"Freeman, Eric",
7/26/26,FSu,20,MED,Medici,Heat 2/3,C,HWO,Scheduled,2,Seasons,"Cornett, Jeff",
7/26/26,FSu,20,PGD,Power Grid,Heat 1/3,A,HMW-P,Scheduled,3,Grand Ballroom,"Munson, Mike",
7/26/26,FSu,20,QGB,Star Wars: Queen's Gambit,Heat 1/3,B,HWO,Scheduled,2,First Tracks Center,"Kizer, Chris",
7/26/26,FSu,20,AGE,Through the Ages,Heat 1/2,A,HMW-P,Scheduled,4,Sunburst,"Buehler, Randy",
7/26/26,FSu,20,AGR,Agricola,Semifinal,A,HMW-P,Scheduled,3,Sunburst,"Sperling, Lumin",
7/26/26,FSu,20,CTN,Catan,Semifinal,B,HMW-P,Scheduled,2,Laurel,"Gitzen II, John",
7/26/26,FSu,21,TWS,Twilight Struggle,Demo 1/1,--,--,---,1,Exhibit Hall Annex #2,"MacInnis, Randall",
7/26/26,FSu,22,7WD,7 Wonders Duel,Heat 1/2,B,HWO,Scheduled,2,Seasons,"Maguire, Patrick",
7/26/26,FSu,22,IVH,Ivanhoe,Heat 2/3,B,HMW-P,Scheduled,2,Timberstone,"Roeper, Barb",
7/26/26,FSu,22,THA,Thunder Alley,Heat 2/3,B,HMW-T,Scheduled,3,Timberstone,"Collins II, Curt",
7/26/26,FSu,22,CTN,Catan,Final,B,HMW-P,Scheduled,2,Laurel,"Gitzen II, John",
7/26/26,FSu,23,FL7,Flip 7,Round 1/1,B,SE,Continuous,1,Grand Ballroom,"Warrender, Kevin",
7/26/26,FSu,24,--,Open Gaming Library Closes,--,--,--,--,--,Exhibit Hall,"Buckwalter, Scott",
7/26/26,FSu,24,FL7,Flip 7,Semifinal,B,SE,Continuous,1,Grand Ballroom,"Warrender, Kevin",
Monday,,,,,,,,,,,,
7/27/26,Mo,1,FL7,Flip 7,Final,B,SE,Continuous,1,Grand Ballroom,"Warrender, Kevin",
7/27/26,Mo,7:30,--,Yoga for all levels,--,--,--,--,0.75,Ski Lodge Deck,"Lewis, Jeff",
7/27/26,Mo,8,--,Registration,--,--,--,--,12,Stag Pass,"Gutermuth, Ken",
7/27/26,Mo,9,--,Open Gaming,--,--,--,--,15,Exhibit Hall,"Buckwalter, Scott",
7/27/26,Mo,9,--,Open Gaming Library Opens,--,--,--,--,15,Exhibit Hall,"Buckwalter, Scott",
7/27/26,Mo,9,--,Love Letter Juniors,--,C,Jr SE,--,2,Hemlock,"Evinger, Elizabeth",
7/27/26,Mo,9,AOR,Age of Renaissance,Demo 1/1,--,--,---,1,Exhibit Hall Annex #7,"Spencer, Jay",
7/27/26,Mo,9,IMS,Imperial Struggle,Demo 1/1,--,--,---,1,Exhibit Hall Annex #3,"Drueding, Tom",
7/27/26,Mo,9,TTR,Ticket To Ride,Demo 1/1,--,--,---,1,Exhibit Hall Annex #5,"Grey, Katie",
7/27/26,Mo,9,AFK,Afrika Korps,Round 3/7,A,SwEl,Freeform,7,Winterberry,"Sinigaglio, Bruno",
7/27/26,Mo,9,ABN,Air Baron,Heat 2/4,B,HMW-P,Scheduled,3,Dogwood,"Jamelli, Max",
7/27/26,Mo,9,AZL,Azul,Heat 2/3,B,HMW-P,Scheduled,1,Seasons,"Speaker, Eric",
7/27/26,Mo,9,BAR,Battles of the American Revolution,Round 1/5,B,SwEl,Scheduled,3,Foggy Brews,"Miklos, Mark",
7/27/26,Mo,9,BWD,Bitter Woods,Round 3/7,A,SwEl,Freeform,7,Winterberry,"Sinigaglio, Bruno",
7/27/26,Mo,9,EPB,Empire Builder,Heat 2/3,B,HMW-P,Scheduled,4,Fox Den,"Bromley, Trella",
7/27/26,Mo,9,HET,Heat: Pedal to the Metal,Heat 1/2,B,HMW-P,Scheduled,2,Grand Ballroom,"Wolff, Jack",
7/27/26,Mo,9,KRM,Kremlin,Heat 1/4,B,HMW-P,Scheduled,3,Grand Ballroom,"Cuccaro, Steve",
7/27/26,Mo,9,PZB,Panzerblitz,Round 3/7,B,SwEl,Freeform,6,Winterberry,"Northey, Rick",
7/27/26,Mo,9,PGD,Power Grid,Heat 2/3,A,HMW-P,Scheduled,3,Grand Ballroom,"Munson, Mike",
7/27/26,Mo,9,ROT,Root,Heat 3/3,C,HWO,Scheduled,3,Fox Den,"McKinnes, Luke",
7/27/26,Mo,9,SQL,Squad Leader,Round 3/7,A,SwEl,Freeform,4,Winterberry,Pollard. Pete,
7/27/26,Mo,9,TRC,The Russian Campaign,Round 3/7,A,SwEl,Freeform,5,Winterberry,"Karahalios, George",
7/27/26,Mo,9,THA,Thunder Alley,Heat 33,B,HMW-T,Scheduled,3,Alpine,"Collins II, Curt",
7/27/26,Mo,9,TWS,Twilight Struggle,Round 1/5,B,SW,Continuous,4,Sunburst,"MacInnis, Randall",
7/27/26,Mo,9,VIP,Victory in the Pacific,Round 4/5,B,SwEl,Continuous,5,Snowflake,"Drozd, Ted",
7/27/26,Mo,9,WAT,Waterloo,Round 2/5,A,SwEl,Freeform,6,Winterberry,"Musella, Martin",
7/27/26,Mo,9,WSM,Wooden Ships & Iron Men,Round 3/8,B,SwEl,Freeform,2,Winterberry,"Hitchings, Tim",
7/27/26,Mo,9,POG,Paths of Glory,Quarterfinal,C,SEM,Scheduled,6,Winterberry,"Gregorio, Alex",
7/27/26,Mo,9,8XX,18xx,Semifinal,B,HMW-T,Scheduled,6,Alpine,"McCorry, Tom",
7/27/26,Mo,9,AGE,Through the Ages,Semifinal,A,HMW-P,Scheduled,4,Wintergreen,"Buehler, Randy",
7/27/26,Mo,9,VGQ,Virgin Queen,Semifinal,B,HMW-P,Scheduled,6,Wagner's Run,"Beach, Ed",
7/27/26,Mo,10,HWD,History of the World,Demo 1/1,--,--,---,1,Exhibit Hall Annex #8,"Fournier,Roberto",
7/27/26,Mo,10,RA!,Ra!,Demo 1/1,--,--,---,1,Exhibit Hall Annex #6,"Bove, Alex",
7/27/26,Mo,10,AOR,Age of Renaissance,Heat 2/2,B,HMW-P,Scheduled,4,Timberstone,"Spencer, Jay",
7/27/26,Mo,10,EIS,Enemy in Sight,Heat 1/3,B,HWO,Scheduled,3,Alpine,"Evinger, Matt",
7/27/26,Mo,10,RRY,Robo Rally,Heat 1/3,C,HWO,Scheduled,3,Timberstone,"Houde, Marc",
7/27/26,Mo,10,SKG,Sekigahara,Round 1/3,C,SwEl,Continuous,4,Maple,"Mishler, Dennis",
7/27/26,Mo,10,SPD,Splendor,Heat 2/3,B,HMW-P,Scheduled,1,Grand Ballroom,"Murray, Rob",
7/27/26,Mo,11,--,Shuttle to Pittsburgh Airport,--,--,--,--,2,Hotel Lobby,Seven Springs,
7/27/26,Mo,11,BRS,Brass,Demo 1/1,--,--,---,1,Exhibit Hall Annex #1,"Towne, Jonathan",
7/27/26,Mo,11,CTR,Charioteer,Demo 1/1,--,--,---,1,Exhibit Hall Annex #2,Rader. Ed,
7/27/26,Mo,11,QOQ,Quacks,Demo 1/1,--,--,---,1,Exhibit Hall Annex #5,"Hansen, Virginia",
7/27/26,Mo,11,WSN,Wingspan,Demo 1/1,--,--,---,1,Exhibit Hall Annex #7,"Swift, Patti",
7/27/26,Mo,11,7WD,7 Wonders Duel,Heat 2/2,B,HWO,Scheduled,2,Wintergreen,"Maguire, Patrick",
7/27/26,Mo,11,ADV,Adel Verpflichtet,Heat 2/3,B,HMW-P,Scheduled,2,Fox Den,"Bender, Angela",
7/27/26,Mo,11,FFM,Freeman's Farm,Heat 2/4,B,HMW-P,Scheduled,3,Foggy Brews,"Lange, Jeff",
7/27/26,Mo,11,TTR,Ticket To Ride,Heat 1/4,B,HMW-T,Scheduled,2,Seasons,"Grey, Katie",
7/27/26,Mo,12,--,Point Salad Juniors,--,C,Jr SE,--,2,Hemlock,"Byrd, Heather",
7/27/26,Mo,12,ROT,Root,Semifinal,C,HWO,Scheduled,3,Fox Den,"McKinnes, Luke",
7/27/26,Mo,13,NVG,Navegador,Demo 1/1,--,--,---,1,Exhibit Hall Annex #1,"Martin, Chad",
7/27/26,Mo,13,PRC,Pirate's Cove,Demo 1/1,--,--,---,1,Exhibit Hall Annex #5,"Northey, Rick",
7/27/26,Mo,13,ACS,Atlantic Storm,Heat 1/3,A,HMW-P,Scheduled,2,Timberstone,"Evinger, Tim",
7/27/26,Mo,13,BRS,Brass,Heat 1/3,B,HMW-P,Scheduled,3,Alpine,"Towne, Jonathan",
7/27/26,Mo,13,CTR,Charioteer,Heat 1/3,B,HMW-P,Scheduled,2,Timberstone,Rader. Ed,
7/27/26,Mo,13,RDG,Ra: The Dice Game,Heat 2/3,B,HWO,Scheduled,1,Seasons,"Del Carpio, Tina",
7/27/26,Mo,13,RRR,Russian Railroads,Heat 3/3,A,HMW-T,Scheduled,2,Wintergreen,"Collins II, Curt",
7/27/26,Mo,13,TWS,Twilight Struggle,Round 2/5,B,SW,Continuous,4,Sunburst,"MacInnis, Randall",
7/27/26,Mo,13,VSD,Vegas Showdown,Heat 1/3,B,HMW-P,Scheduled,2,Snowflake,"Kaltman, Mike",
7/27/26,Mo,13,C&K,Catan: Cities & Knights,Semifinal,B,HMW-P,Scheduled,3,Seasons,"Gnech, Chris",
7/27/26,Mo,14,--,Auction/Auction Store Check-in,--,--,--,--,3,Grand Ballroom,"Gutermuth, Ken",
7/27/26,Mo,14,BKM,Bunny Kingdom,Demo 1/1,--,--,---,1,Exhibit Hall Annex #2,"Youells, Kevin",
7/27/26,Mo,14,MOV,Merchant of Venus,Demo 1/1,--,--,---,1,Exhibit Hall Annex #3,"Irving, Richard",
7/27/26,Mo,14,SFR,Santa Fe Rails,Demo 1/1,--,--,---,1,Exhibit Hall Annex #6,"Drummond, Andrew",
7/27/26,Mo,14,T&T,Thurn & Taxis,Demo 1/1,--,--,---,1,Exhibit Hall Annex #5,"Latto, Andy",
7/27/26,Mo,14,BAR,Battles of the American Revolution,Round 2/5,B,SwEl,Scheduled,6,Foggy Brews,"Miklos, Mark",
7/27/26,Mo,14,DOM,Dominion,Heat 3/3,B,HWO,Scheduled,1,Seasons,"Bielefeldt, Russ",
7/27/26,Mo,14,MOV,Merchant of Venus,Heat 1/3,B,HMW-P,Scheduled,3,Fox Den,"Irving, Richard",
7/27/26,Mo,14,SKG,Sekigahara,Round 2/3,C,SwEl,Continuous,3,Maple,"Mishler, Dennis",
7/27/26,Mo,14,VIP,Victory in the Pacific,Round 5/5,B,SwEl,Continuous,5,Snowflake,"Drozd, Ted",
7/27/26,Mo,14,AOR,Age of Renaissance,Final,B,HMW-P,Scheduled,4,Timberstone,"Spencer, Jay",
7/27/26,Mo,15,--,Las Vegas Juniors,--,C,Jr SE,--,2,Hemlock,"Heinz, Noah",
7/27/26,Mo,15,CMS,Circus Maximus,Demo 1/1,--,--,---,1,Exhibit Hall Annex #7,"Smith, Barry",
7/27/26,Mo,15,FDE,Formula De,Heat 2/4,C,HMW-P,Scheduled,3,Alpine,"Meader, Eric",
7/27/26,Mo,15,PRC,Pirate's Cove,Heat 1/3,B,HMW-P,Scheduled,2,Timberstone,"Otwell, Janet",
7/27/26,Mo,15,SFR,Santa Fe Rails,Heat 1/3,B,HMW-P,Scheduled,2,Fox Den,"Drummond, Andrew",
7/27/26,Mo,15,SWS,Swords & Sails,Round 1/3,B,SW,Scheduled,4,Exhibit Hall,"Williams, Jason",
7/27/26,Mo,15,TT2,Titan 2-Player,Round 2/2,B,HMSE,Scheduled,5,First Tracks Poolside,"desJardins, David",
7/27/26,Mo,15,WSN,Wingspan,Heat 1/3,B,HMW-P,Scheduled,2,Seasons,"Swift, Patti",
7/27/26,Mo,15,8XX,18xx,Final,B,HMW-T,Scheduled,6,Laurel,"McCorry, Tom",
7/27/26,Mo,16,TNW,The Napoleonic Wars,Demo 2/2,--,--,---,1,Exhibit Hall Annex #8,"Williams, Gareth",
7/27/26,Mo,16,KRM,Kremlin,Heat 2/4,B,HMW-P,Scheduled,3,Timberstone,"Cuccaro, Steve",
7/27/26,Mo,16,QOQ,Quacks,Heat 1/3,B,HMW-P,Scheduled,2,Wintergreen,"Hansen, Virginia",
7/27/26,Mo,16,RDG,Ra: The Dice Game,Heat 3/3,B,HWO,Scheduled,1,Seasons,"Del Carpio, Tina",
7/27/26,Mo,16,POG,Paths of Glory,Semifinal,C,SEM,Scheduled,6,Winterberry,"Gregorio, Alex",
7/27/26,Mo,17,LWD,Lords of Waterdeep,Demo 1/1,--,--,---,1,Exhibit Hall Annex #1,"St. Pierre, Robert",
7/27/26,Mo,17,WSM,Wooden Ships & Iron Men,Demo 1/1,--,--,---,1,Winterberry,"Hitchings, Tim",
7/27/26,Mo,17,AMR,Amun Re,Heat 3/3,B,HMW-P,Scheduled,2,Timberstone,"Freeman, Eric",
7/27/26,Mo,17,SKG,Sekigahara,Round 3/3,C,SwEl,Continuous,3,Maple,"Mishler, Dennis",
7/27/26,Mo,17,TTR,Ticket To Ride,Heat 2/4,B,HMW-T,Scheduled,2,Seasons,"Grey, Katie",
7/27/26,Mo,17,TWS,Twilight Struggle,Round 3/5,B,SW,Continuous,4,Sunburst,"MacInnis, Randall",
7/27/26,Mo,17,DOM,Dominion,Quarterfinal,B,HWO,Scheduled,1,Seasons,"Bielefeldt, Russ",
7/27/26,Mo,17,VGQ,Virgin Queen,Final,B,HMW-P,Scheduled,6,Timberstone,"Beach, Ed",
7/27/26,Mo,18,--,Risk Star Wars Juniors,--,C,Jr SE,--,2,Hemlock,"Melton, Craig",
7/27/26,Mo,18,BXC,Boxcars,Heat 2/3,B,HMW-P,Scheduled,4,Fox Den,"Bromley, Trella",
7/27/26,Mo,18,HWD,History of the World,Heat 1/2,B,HMW-P,Scheduled,6,Alpine,"Fournier,Roberto",
7/27/26,Mo,18,TNW,The Napoleonic Wars,Heat 2/3,B,HE,Scheduled,6,Wagner's Run,"Williams, Gareth",
7/27/26,Mo,18,DOM,Dominion,Semifinal,B,HWO,Scheduled,1,Seasons,"Bielefeldt, Russ",
7/27/26,Mo,19,AKN,Ark Nova,Heat 2/2,A,HWO,Scheduled,3,Seasons,"Weaver, Chad",
7/27/26,Mo,19,ELG,El Grande,Heat 2/3,B,HMW-P,Scheduled,2,Timberstone,"Flowers, Rob",
7/27/26,Mo,19,IVH,Ivanhoe,Heat 3/3,B,HMW-P,Scheduled,2,Alpine,"Roeper, Barb",
7/27/26,Mo,19,LWD,Lords of Waterdeep,Heat 1/3,B,HMW-P,Scheduled,2,Wintergreen,"St. Pierre, Robert",
7/27/26,Mo,19,SPD,Splendor,Heat 3/3,B,HMW-P,Scheduled,1,Seasons,"Murray, Rob",
7/27/26,Mo,19,SRM,Star Wars: Outer Rim,Heat 3/3,B,HMW-T,Scheduled,3,Alpine,"Sample, Martin",
7/27/26,Mo,19,BSN,Beyond the Sun,Semifinal,B,HMW-P,Scheduled,2,Fox Den,"Wu, Jeff",
7/27/26,Mo,19,VIP,Victory in the Pacific,Semifinal,B,SwEl,Continuous,5,Snowflake,"Drozd, Ted",
7/27/26,Mo,19,7WS,7 Wonders,Final,B,HMW-P,Scheduled,2,Dogwood,"Shea, Elizabeth",
7/27/26,Mo,20,LST,Lost Cities,Demo 1/1,--,--,---,1,Exhibit Hall Annex #1,"Pettis, Roy",
7/27/26,Mo,20,PGD,Power Grid,Heat 3/3,A,HMW-P,Scheduled,3,Timberstone,"Munson, Mike",
7/27/26,Mo,20,WPS,"Win, Place, & Show",Heat 1/3,C,HWO,Scheduled,3,Evergreen,"Romano, Joseph",
7/27/26,Mo,20,SKG,Sekigahara,Quarterfinal,C,SwEl,Continuous,3,Maple,"Mishler, Dennis",
7/27/26,Mo,21,ING,Ingenious,Demo 1/1,--,--,---,1,Exhibit Hall Annex #2,"DuBoff, Max",
7/27/26,Mo,21,STA,Stone Age,Heat 2/3,B,HWO,Scheduled,2,Wintergreen,"Stufflet, Dave",
7/27/26,Mo,21,TWS,Twilight Struggle,Round 4/5,B,SW,Continuous,4,Sunburst,"MacInnis, Randall",
7/27/26,Mo,21,5TR,Five Tribes,Semifinal,B,HMW-P,Scheduled,2,Snowflake,"Wildes, Chris",
7/27/26,Mo,22,BSN,Beyond the Sun,Final,B,HMW-P,Scheduled,2,Laurel,"Wu, Jeff",
7/27/26,Mo,23,ING,Ingenious,Heat 1/3,B,HWO,Scheduled,1,Seasons,"DuBoff, Max",
7/27/26,Mo,23,AMR,Amun Re,Semifinal,B,HMW-P,Scheduled,2,Timberstone,"Freeman, Eric",
7/27/26,Mo,23,SKG,Sekigahara,Semifinal,C,SwEl,Continuous,3,Maple,"Mishler, Dennis",
7/27/26,Mo,24,--,Open Gaming Library Closes,--,--,--,--,--,Exhibit Hall,"Buckwalter, Scott",
Tuesday,,,,,,,,,,,,
7/28/26,Tu,7:30,--,Yoga for all levels,--,--,--,--,0.75,Ski Lodge Deck,"Lewis, Jeff",
7/28/26,Tu,8,--,Registration,--,--,--,--,12,Stag Pass,"Gutermuth, Ken",
7/28/26,Tu,8:15,--,Auction Store,--,--,--,--,2.75,Grand Ballroom,"Gutermuth, Ken",
7/28/26,Tu,8:30,--,Auction,--,--,--,--,4.5,Grand Ballroom,"Gutermuth, Ken",
7/28/26,Tu,9,--,Open Gaming,--,--,--,--,15,Exhibit Hall,"Buckwalter, Scott",
7/28/26,Tu,9,--,Open Gaming Library Opens,--,--,--,--,15,Exhibit Hall,"Buckwalter, Scott",
7/28/26,Tu,9,--,Sushi Go Juniors,--,C,Jr SE,--,2,Hemlock,"Coussis, Nina",
7/28/26,Tu,9,--,Mega Civilization,--,--,--,--,12,First Tracks Center,"Barhorst, Nathan",
7/28/26,Tu,9,CBC,Combat Commander,Demo 1/1,--,--,---,1,Exhibit Hall Annex #1,"Wagner, Nathan",
7/28/26,Tu,9,WWR,Washington's War,Demo 1/1,--,--,---,1,Exhibit Hall Annex #6,"Peeck, Bill",
7/28/26,Tu,9,AFK,Afrika Korps,Round 4/7,A,SwEl,Freeform,7,Winterberry,"Sinigaglio, Bruno",
7/28/26,Tu,9,BAR,Battles of the American Revolution,Round 3/5,B,SwEl,Scheduled,10,Foggy Brews,"Miklos, Mark",
7/28/26,Tu,9,BWD,Bitter Woods,Round 4/7,A,SwEl,Freeform,7,Winterberry,"Sinigaglio, Bruno",
7/28/26,Tu,9,PZB,Panzerblitz,Round 4/7,B,SwEl,Freeform,6,Winterberry,"Northey, Rick",
7/28/26,Tu,9,SQL,Squad Leader,Round 4/7,A,SwEl,Freeform,4,Winterberry,Pollard. Pete,
7/28/26,Tu,9,TRC,The Russian Campaign,Round 4/7,A,SwEl,Freeform,5,Winterberry,"Karahalios, George",
7/28/26,Tu,9,TWS,Twilight Struggle,Round 5/5,B,SW,Continuous,4,Sunburst,"MacInnis, Randall",
7/28/26,Tu,9,WAT,Waterloo,Round 3/5,A,SwEl,Freeform,6,Winterberry,"Musella, Martin",
7/28/26,Tu,9,WSM,Wooden Ships & Iron Men,Round 4/8,B,SwEl,Freeform,2,Winterberry,"Hitchings, Tim",
7/28/26,Tu,9,ACV,Advanced Civilization,Final,B,HMW-P,Scheduled,8,First Tracks Slopeside,"Spencer, Jay",
7/28/26,Tu,9,5TR,Five Tribes,Final,B,HMW-P,Scheduled,2,Laurel,"Wildes, Chris",
7/28/26,Tu,9,POG,Paths of Glory,Final,C,SEM,Scheduled,6,Winterberry,"Gregorio, Alex",
7/28/26,Tu,9,SKG,Sekigahara,Final,C,SwEl,Continuous,3,Laurel,"Mishler, Dennis",
7/28/26,Tu,9,VIP,Victory in the Pacific,Final,B,SwEl,Continuous,5,Laurel,"Drozd, Ted",
7/28/26,Tu,10,ACQ,Acquire,Demo 1/1,--,--,--,1,Exhibit Hall Annex #5,"Ackman, Cliff",
7/28/26,Tu,10,PRO,Puerto Rico,Demo 1/1,--,--,---,1,Exhibit Hall Annex #2,"Shay, Richard",
7/28/26,Tu,10,TRC,The Russian Campaign,Demo 1/1,--,--,---,1,Winterberry,"Karahalios, George",
7/28/26,Tu,10,AMR,Amun Re,Final,B,HMW-P,Scheduled,2,Laurel,"Freeman, Eric",
7/28/26,Tu,10,AGE,Through the Ages,Final,A,HMW-P,Scheduled,4,Laurel,"Buehler, Randy",
7/28/26,Tu,11:15,--,BPA Annual Meeting,--,--,--,--,0.75,Grand Ballroom,"Lewis, Andy",
7/28/26,Tu,12,--,Ingenious Juniors,--,C,Jr SE,--,2,Hemlock,"LeWinter, Steven",
7/28/26,Tu,12,ARC,Arcs,Demo 1/1,--,--,---,1,Exhibit Hall Annex #1,"Tamburo, Joel",
7/28/26,Tu,12,HET,Heat: Pedal to the Metal,Demo 1/1,--,--,---,1,Exhibit Hall Annex #7,"Wolff, Jack",
7/28/26,Tu,12,SSB,Superstar Baseball,Demo 1/1,--,--,---,1,Exhibit Hall Annex #5,"Lee, Roderick",
7/28/26,Tu,13,BRI,Britannia,Demo 1/1,--,--,---,1,Exhibit Hall Annex #2,"O'Connor, Matthew",
7/28/26,Tu,14,BXC,Boxcars,Heat 3/3,B,HMW-P,Scheduled,4,Sunburst,"Bromley, Trella",
7/28/26,Tu,14,BRI,Britannia,Heat 1/3,B,HMW-P,Scheduled,5,Wagner's Run,"O'Connor, Matthew",
7/28/26,Tu,14,CTR,Charioteer,Heat 2/3,B,HMW-P,Scheduled,2,Grand Ballroom,Rader. Ed,
7/28/26,Tu,14,CBC,Combat Commander,Round 1/5,B,SwEl,Continuous,4,Maple,"Wagner, Nathan",
7/28/26,Tu,14,FDE,Formula De,Heat 3/4,C,HMW-P,Scheduled,3,Alpine,"Meader, Eric",
7/28/26,Tu,14,GAP,Gaia Project,Heat 3/3,B,HMW-P,Scheduled,3,Grand Ballroom,"Cederquist, Dave",
7/28/26,Tu,14,GWT,Great Western Trail,Heat 3/3,A,HMW-P,Scheduled,3,Wintergreen,"Versak, Dalton",
7/28/26,Tu,14,HET,Heat: Pedal to the Metal,Heat 2/2,B,HMW-P,Scheduled,2,Grand Ballroom,"Wolff, Jack",
7/28/26,Tu,14,IMS,Imperial Struggle,Round 1/3,B,SwEl,Continuous,5,Snowflake,"Drueding, Tom",
7/28/26,Tu,14,LWD,Lords of Waterdeep,Heat 2/3,B,HMW-P,Scheduled,2,Seasons,"St. Pierre, Robert",
7/28/26,Tu,14,NVG,Navegador,Heat 2/3,B,HMW-P,Scheduled,2,Seasons,"Martin, Chad",
7/28/26,Tu,14,SFR,Santa Fe Rails,Heat 2/3,B,HMW-P,Scheduled,2,Wintergreen,"Drummond, Andrew",
7/28/26,Tu,14,TTN,Titan,Heat 2/4,A,HMW-P,Scheduled,5,First Tracks Poolside,"desJardins, David",
7/28/26,Tu,14,V19,Versailles 1919,Heat 1/2,B,HMW-P,Scheduled,3,Grand Ballroom,"Pettis, Roy",
7/28/26,Tu,14,SRM,Star Wars: Outer Rim,Semifinal,B,HMW-T,Scheduled,3,Alpine,"Sample, Martin",
7/28/26,Tu,14,AGR,Agricola,Final,A,HMW-P,Scheduled,3,Laurel,"Sperling, Lumin",
7/28/26,Tu,15,--,Family Wits and Wagers Juniors,--,C,Jr SE,--,2,Fox Den,"Shea, Philip",
7/28/26,Tu,15,CCN,Commands & Colors: Napoleonics,Demo 1/1,--,--,---,1,Exhibit Hall Annex #5,"Polcen, Mike",
7/28/26,Tu,15,MMA,Monsters Menace America,Demo 1/1,--,--,---,1,Exhibit Hall Annex #7,"Pack, David-John",
7/28/26,Tu,15,UPF,Up Front,Demo 1/1,--,--,---,1,Exhibit Hall Annex #4,"Whitesell, Ken",
7/28/26,Tu,15,SWS,Swords & Sails,Round 2/3,B,SW,Scheduled,4,Exhibit Hall,"Williams, Jason",
7/28/26,Tu,16,SSB,Superstar Baseball,Draft,--,--,---,1,Chestnut,"Lee, Roderick",
7/28/26,Tu,16,CAS,Cascadia,Heat 3/3,B,HWO,Scheduled,2,Seasons,"Allen, Henry",
7/28/26,Tu,16,EVD,Everdell,Heat 2/2,B,HMW-P,Scheduled,2,Wintergreen,"Martin, Andrew",
7/28/26,Tu,16,VSD,Vegas Showdown,Heat 2/3,B,HMW-P,Scheduled,2,Grand Ballroom,"Kaltman, Mike",
7/28/26,Tu,16,PGD,Power Grid,Semifinal,A,HMW-P,Scheduled,3,Grand Ballroom,"Munson, Mike",
7/28/26,Tu,17,BKN,Breakout Normandy,Demo 1/1,--,--,---,1,Exhibit Hall Annex #1,"Thompson, Nels",
7/28/26,Tu,17,HIS,Here I Stand,Demo 1/1,--,--,---,1,Exhibit Hall Annex #7,"Rice, Justin",
7/28/26,Tu,17,KRM,Kremlin,Demo 1/1,--,--,---,1,Exhibit Hall Annex #3,"Cuccaro, Steve",
7/28/26,Tu,17,NVW,Naval War,Demo 1/1,--,--,---,1,Exhibit Hall Annex #6,"Kramer, James",
7/28/26,Tu,17,ARC,Arcs,Heat 1/3,B,HMW-P,Scheduled,4,Grand Ballroom,"Tamburo, Joel",
7/28/26,Tu,17,CBC,Combat Commander,Round 2/5,B,SwEl,Continuous,4,Maple,"Wagner, Nathan",
7/28/26,Tu,17,FFM,Freeman's Farm,Heat 3/4,B,HMW-P,Scheduled,3,Foggy Brews,"Lange, Jeff",
7/28/26,Tu,17,SSB,Superstar Baseball,Round 1/2,B,SwEl,Scheduled,4,Chestnut,"Lee, Roderick",
7/28/26,Tu,17,GWT,Great Western Trail,Semifinal,A,HMW-P,Scheduled,3,Laurel,"Versak, Dalton",
7/28/26,Tu,17,ROT,Root,Final,C,HWO,Scheduled,3,Snowflake,"McKinnes, Luke",
7/28/26,Tu,18,--,Family Facts in Four Juniors,--,C,Jr SE,--,1,Fox Den,"Drummond, Andrew",
7/28/26,Tu,18,ABN,Air Baron,Heat 3/4,B,HMW-P,Scheduled,3,Dogwood,"Jamelli, Max",
7/28/26,Tu,18,ACS,Atlantic Storm,Heat 2/3,A,HMW-P,Scheduled,2,Timberstone,"Evinger, Tim",
7/28/26,Tu,18,AUC,Auction,Heat 3/4,B,HWO,Scheduled,1,Evergreen,"Kyrkos, Vassili",
7/28/26,Tu,18,AZL,Azul,Heat 3/3,B,HMW-P,Scheduled,1,Seasons,"Speaker, Eric",
7/28/26,Tu,18,BKN,Breakout Normandy,Mulligan,B,SEM,Continuous,6,First Tracks Slopeside,"Thompson, Nels",
7/28/26,Tu,18,CMS,Circus Maximus,Heat 1/3,C,HMW-P,Scheduled,4,Wintergreen,"Smith, Barry",
7/28/26,Tu,18,ELG,El Grande,Heat 3/3,B,HMW-P,Scheduled,2,Grand Ballroom,"Flowers, Rob",
7/28/26,Tu,18,EPB,Empire Builder,Heat 3/3,B,HMW-P,Scheduled,4,Sunburst,"Bromley, Trella",
7/28/26,Tu,18,FTP,For the People,Mulligan,C,SEM,Continuous,6,First Tracks Poolside,"Pei, James",
7/28/26,Tu,18,JCY,John Company,Heat 2/2,B,HMW-P,Scheduled,5,Alpine,"Burdett, Jeff",
7/28/26,Tu,18,LLM,Leaping Lemmings,Heat 1/4,C,HWO,Scheduled,2,Sunburst,"Powers, Bill",
7/28/26,Tu,18,SCC,Stock Car Championship Racing,Heat 2/3,B,HMW-P,Scheduled,2,Wintergreen,"Wolfe, David",
7/28/26,Tu,18,T&T,Thurn & Taxis,Heat 1/3,B,HWO,Scheduled,2,Seasons,"Latto, Andy",
7/28/26,Tu,19,--,Juniors Movie Night,--,--,--,--,2,Fox Den,"Byrd, Megan",
7/28/26,Tu,19,QGB,Star Wars: Queen's Gambit,Demo 1/1,--,--,---,1,Exhibit Hall Annex #1,"Kizer, Chris",
7/28/26,Tu,19,AOA,Ace of Aces,Heat 3/4,C,SwEl,Freeform,1,Chestnut,"Chesnut, Matt",
7/28/26,Tu,19,GXT,Galaxy Trucker,Heat 2/3,B,HMW-P,Scheduled,2,First Tracks Center,"Finberg, David",
7/28/26,Tu,19,HIS,Here I Stand,Round 1/2,B,HMW-P,Scheduled,6,Wagner's Run,"Rice, Justin",
7/28/26,Tu,19,IMS,Imperial Struggle,Round 2/3,B,SwEl,Continuous,5,Snowflake,"Drueding, Tom",
7/28/26,Tu,19,KRM,Kremlin,Heat 3/4,B,HMW-P,Scheduled,3,Grand Ballroom,"Cuccaro, Steve",
7/28/26,Tu,19,MMS,March Madness,Heat 2/4,B,HMSE,Scheduled,3,Evergreen,"Reiff, Bruce",
7/28/26,Tu,19,SPD,Splendor,Quarterfinal,B,HMW-P,Scheduled,1,Grand Ballroom,"Murray, Rob",
7/28/26,Tu,19,SRM,Star Wars: Outer Rim,Final,B,HMW-T,Scheduled,3,Laurel,"Sample, Martin",
7/28/26,Tu,20,--,The Battle of Cowpens,--,--,--,--,1,Foggy Brews,"Sinigaglio, Bruno",
7/28/26,Tu,20,MED,Medici,Heat 3/3,C,HWO,Scheduled,2,Seasons,"Cornett, Jeff",
7/28/26,Tu,20,NVW,Naval War,Heat 1/3,B,HWO,Scheduled,3,Grand Ballroom,"Kramer, James",
7/28/26,Tu,20,STA,Stone Age,Heat 3/3,B,HWO,Scheduled,2,Seasons,"Stufflet, Dave",
7/28/26,Tu,20,TFM,Terraforming Mars,Heat 1/1,A,HMW-P,Scheduled,4,Seasons,"Martin, Andrew",
7/28/26,Tu,20,RDG,Ra: The Dice Game,Quarterfinal,B,HWO,Scheduled,1,Seasons,"Del Carpio, Tina",
7/28/26,Tu,20,IVH,Ivanhoe,Semifinal,B,HMW-P,Scheduled,2,Grand Ballroom,"Roeper, Barb",
7/28/26,Tu,20,RRR,Russian Railroads,Semifinal,A,HMW-T,Scheduled,2,Laurel,"Collins II, Curt",
7/28/26,Tu,20,SPD,Splendor,Semifinal,B,HMW-P,Scheduled,1,Grand Ballroom,"Murray, Rob",
7/28/26,Tu,20,GWT,Great Western Trail,Final,A,HMW-P,Scheduled,3,Laurel,"Versak, Dalton",
7/28/26,Tu,21,SPG,Saint Petersburg,Demo 1/1,--,--,---,1,Exhibit Hall Annex #2,"Feathers, Ryan",
7/28/26,Tu,21,RA!,Ra!,Heat 2/4,B,HMW-P,Scheduled,2,Grand Ballroom,"Bove, Alex",
7/28/26,Tu,21,QGB,Star Wars: Queen's Gambit,Heat 2/3,B,HWO,Scheduled,2,Maple,"Kizer, Chris",
7/28/26,Tu,21,SP2,Splendor Duel,Quarterfinal,B,HWO,Scheduled,1,Sunburst,"Chauvin, Carl",
7/28/26,Tu,22,KOT,King of Tokyo,Demo 1/1,--,--,---,1,Exhibit Hall Annex #7,"O'Flynn, Tim",
7/28/26,Tu,22,ING,Ingenious,Heat 2/3,B,HWO,Scheduled,1,Seasons,"DuBoff, Max",
7/28/26,Tu,22,SPG,Saint Petersburg,Heat 1/3,B,HMW-P,Scheduled,2,Wintergreen,"Feathers, Ryan",
7/28/26,Tu,22,IVH,Ivanhoe,Final,B,HMW-P,Scheduled,2,Laurel,"Roeper, Barb",
7/28/26,Tu,22,RRR,Russian Railroads,Final,A,HMW-T,Scheduled,2,Laurel,"Collins II, Curt",
7/28/26,Tu,23,KOT,King of Tokyo,Round 1/1,C,SE,Continuous,1,Grand Ballroom,"O'Flynn, Tim",
7/28/26,Tu,23,WPS,"Win, Place, & Show",Heat 2/3,C,HWO,Scheduled,3,Evergreen,"Romano, Joseph",
7/28/26,Tu,23,SP2,Splendor Duel,Semifinal,B,HWO,Scheduled,1,Sunburst,"Chauvin, Carl",
7/28/26,Tu,23,DOM,Dominion,Final,B,HWO,Scheduled,1,Laurel,"Bielefeldt, Russ",
7/28/26,Tu,24,--,Open Gaming Library Closes,--,--,--,--,--,Exhibit Hall,"Buckwalter, Scott",
7/28/26,Tu,24,KOT,King of Tokyo,Semifinal,C,SE,Continuous,1,Grand Ballroom,"O'Flynn, Tim",
7/28/26,Tu,24,SP2,Splendor Duel,Final,B,HWO,Scheduled,1,Sunburst,"Chauvin, Carl",
Wednesday,,,,,,,,,,,,
7/29/26,We,1,KOT,King of Tokyo,Final,C,SE,Continuous,1,Grand Ballroom,"O'Flynn, Tim",
7/29/26,We,7:30,--,Yoga for all levels,--,--,--,--,0.75,Ski Lodge Deck,"Lewis, Jeff",
7/29/26,We,8,--,Registration,--,--,--,--,12,Stag Pass,"Gutermuth, Ken",
7/29/26,We,8,ROW,Railways of the World,Demo 1/1,--,--,---,1,Exhibit Hall Annex #7,"LeBoeuf, Pierre",
7/29/26,We,9,--,Open Gaming,--,--,--,--,15,Exhibit Hall,"Buckwalter, Scott",
7/29/26,We,9,--,Open Gaming Library Opens,--,--,--,--,15,Exhibit Hall,"Buckwalter, Scott",
7/29/26,We,9,--,Titan the Arena Juniors,--,C,Jr SE,--,2,Hemlock,"Shea, Jordan",
7/29/26,We,9,GCA,Great Campaigns of the ACW,Demo 1/1,--,--,---,1,Exhibit Hall Annex #1,"Cross, David",
7/29/26,We,9,AFK,Afrika Korps,Round 5/7,A,SwEl,Freeform,7,Winterberry,"Sinigaglio, Bruno",
7/29/26,We,9,ACS,Atlantic Storm,Heat 3/3,A,HMW-P,Scheduled,2,Grand Ballroom,"Evinger, Tim",
7/29/26,We,9,BAR,Battles of the American Revolution,Round 4/5,B,SwEl,Scheduled,8,Foggy Brews,"Miklos, Mark",
7/29/26,We,9,BWD,Bitter Woods,Round 5/7,A,SwEl,Freeform,7,Winterberry,"Sinigaglio, Bruno",
7/29/26,We,9,BRS,Brass,Heat 2/3,B,HMW-P,Scheduled,3,Grand Ballroom,"Towne, Jonathan",
7/29/26,We,9,BKN,Breakout Normandy,Round 1/3,B,SEM,Continuous,6,First Tracks Slopeside,"Thompson, Nels",
7/29/26,We,9,BRI,Britannia,Heat 2/3,B,HMW-P,Scheduled,5,Wagner's Run,"O'Connor, Matthew",
7/29/26,We,9,BKM,Bunny Kingdom,Heat 1/2,B,HMW-P,Scheduled,2,Grand Ballroom,"Youells, Kevin",
7/29/26,We,9,CBC,Combat Commander,Round 3/5,B,SwEl,Continuous,4,Fox Den,"Wagner, Nathan",
7/29/26,We,9,CCN,Commands & Colors: Napoleonics,Round 1/4,B,SwEl,Continuous,2,Maple,"Polcen, Mike",
7/29/26,We,9,FDE,Formula De,Heat 4/4,C,HMW-P,Scheduled,3,Alpine,"Meader, Eric",
7/29/26,We,9,IMS,Imperial Struggle,Round 3/3,B,SwEl,Continuous,5,Snowflake,"Drueding, Tom",
7/29/26,We,9,MOV,Merchant of Venus,Heat 2/3,B,HMW-P,Scheduled,3,Sunburst,"Irving, Richard",
7/29/26,We,9,MMA,Monsters Menace America,Heat 1/4,C,HMW-P,Continuous,2,Grand Ballroom,"Pack, David-John",
7/29/26,We,9,PZB,Panzerblitz,Round 5/7,B,SwEl,Freeform,6,Winterberry,"Northey, Rick",
7/29/26,We,9,ROW,Railways of the World,Heat 1/3,B,HMW-P,Scheduled,3,Alpine,"LeBoeuf, Pierre",
7/29/26,We,9,SPG,Saint Petersburg,Heat 2/3,B,HMW-P,Scheduled,2,Seasons,"Feathers, Ryan",
7/29/26,We,9,SQL,Squad Leader,Round 5/7,A,SwEl,Freeform,4,Winterberry,Pollard. Pete,
7/29/26,We,9,TRC,The Russian Campaign,Round 5/7,A,SwEl,Freeform,5,Winterberry,"Karahalios, George",
7/29/26,We,9,THA,Thunder Alley,Semifinal,B,HMW-T,Scheduled,3,Grand Ballroom,"Collins II, Curt",
7/29/26,We,9,WAT,Waterloo,Round 4/5,A,SwEl,Freeform,6,Winterberry,"Musella, Martin",
7/29/26,We,9,WSM,Wooden Ships & Iron Men,Round 5/8,B,SwEl,Freeform,2,Winterberry,"Hitchings, Tim",
7/29/26,We,9,AKN,Ark Nova,Quarterfinal,A,HWO,Scheduled,3,Seasons,"Weaver, Chad",
7/29/26,We,16,CMK,Castles of Mad King Ludwig,Demo 1/1,--,--,---,1,Exhibit Hall Annex #6,"Corrado, John",
7/29/26,We,10,GAP,Gaia Project,Heat 2/3,B,HMW-P,Scheduled,3,Grand Ballroom,"Cederquist, Dave",
7/29/26,We,11,FMR,Formula Motor Racing,Demo 1/1,--,--,---,1,Exhibit Hall Annex #2,"LeFevre, Chris",
7/29/26,We,11,TTA,Titan The Arena,Demo 1/1,--,--,---,1,Exhibit Hall Annex #5,"Breza, Kevin",
7/29/26,We,11,ADV,Adel Verpflichtet,Heat 3/3,B,HMW-P,Scheduled,2,Sunburst,"Bender, Angela",
7/29/26,We,11,BKM,Bunny Kingdom,Heat 2/2,B,HMW-P,Scheduled,2,Grand Ballroom,"Youells, Kevin",
7/29/26,We,11,CMK,Castles of Mad King Ludwig,Heat 1/3,A,HMW-P,Scheduled,2,Seasons,"Corrado, John",
7/29/26,We,11,CCN,Commands & Colors: Napoleonics,Round 2/4,B,SwEl,Continuous,2,Maple,"Polcen, Mike",
7/29/26,We,11,GCA,Great Campaigns of the ACW,Round 1/3,B,SwEl,Scheduled,3,First Tracks Poolside,"Cross, David",
7/29/26,We,11,MMA,Monsters Menace America,Heat 2/4,C,HMW-P,Continuous,2,Grand Ballroom,"Pack, David-John",
7/29/26,We,11,QGB,Star Wars: Queen's Gambit,Heat 3/3,B,HWO,Scheduled,2,Fox Den,"Kizer, Chris",
7/29/26,We,12,--,Vendor Setup,--,--,--,--,8,Timberstone,"Gutermuth, Ken",
7/29/26,We,12,DNI,Dune Imperium,Demo 1/1,--,--,---,1,Exhibit Hall Annex #1,"Spencer, Jay",
7/29/26,We,12,CBC,Combat Commander,Round 4/5,B,SwEl,Continuous,4,Fox Den,"Wagner, Nathan",
7/29/26,We,12,EIS,Enemy in Sight,Heat 2/3,B,HWO,Scheduled,3,Grand Ballroom,"Evinger, Matt",
7/29/26,We,12,KRM,Kremlin,Heat 4/4,B,HMW-P,Scheduled,3,Grand Ballroom,"Cuccaro, Steve",
7/29/26,We,12,LLM,Leaping Lemmings,Heat 2/4,C,HWO,Scheduled,2,Wintergreen,"Powers, Bill",
7/29/26,We,12,TTN,Titan,Heat 3/4,A,HMW-P,Scheduled,5,First Tracks Center,"desJardins, David",
7/29/26,We,12,BXC,Boxcars,Semifinal,B,HMW-P,Scheduled,4,Laurel,"Bromley, Trella",
7/29/26,We,12,THA,Thunder Alley,Final,B,HMW-T,Scheduled,3,Laurel,"Collins II, Curt",
7/29/26,We,13,--,Guillotine Juniors,--,C,Jr SE,--,2,Hemlock,"Stakenas, Ray",
7/29/26,We,13,ALH,Alhambra,Demo 1/1,--,--,---,1,Exhibit Hall Annex #6,"Gutermuth, Debbie",
7/29/26,We,13,COB,Castles of Burgundy,Round 2/3,B,HMW-P,Scheduled,3,Sunburst,"Irving, Richard",
7/29/26,We,13,CCN,Commands & Colors: Napoleonics,Round 3/4,B,SwEl,Continuous,2,Maple,"Polcen, Mike",
7/29/26,We,13,DUN,Dune,Round 1/3,A,HE,Scheduled,5,Alpine,"Johnson, Brad",
7/29/26,We,13,DNI,Dune Imperium,Heat 1/3,B,HMW-P,Scheduled,3,Seasons,"Spencer, Jay",
7/29/26,We,13,FMR,Formula Motor Racing,Heat 1/3,B,HMW-P,Scheduled,2,Grand Ballroom,"LeFevre, Chris",
7/29/26,We,13,MMA,Monsters Menace America,Heat 3/4,C,HMW-P,Continuous,2,Grand Ballroom,"Pack, David-John",
7/29/26,We,13,SFR,Santa Fe Rails,Heat 3/3,B,HMW-P,Scheduled,2,Snowflake,"Drummond, Andrew",
7/29/26,We,13,TFM,Terraforming Mars,Heat 1/2,A,HMW-P,Scheduled,4,Seasons,"Martin, Andrew",
7/29/26,We,13,STA,Stone Age,Quarterfinal,B,HWO,Scheduled,2,Seasons,"Stufflet, Dave",
7/29/26,We,13,C&K,Catan: Cities & Knights,Final,B,HMW-P,Scheduled,3,Laurel,"Gnech, Chris",
7/29/26,We,14,CMS,Circus Maximus,Heat 2/3,C,HMW-P,Scheduled,4,Wintergreen,"Smith, Barry",
7/29/26,We,14,GCA,Great Campaigns of the ACW,Round 2/3,B,SwEl,Scheduled,3,First Tracks Poolside,"Cross, David",
7/29/26,We,14,RRY,Robo Rally,Heat 2/3,C,HWO,Scheduled,3,Grand Ballroom,"Houde, Marc",
7/29/26,We,14,IMS,Imperial Struggle,Semifinal,B,SwEl,Continuous,5,Snowflake,"Drueding, Tom",
7/29/26,We,14,SPD,Splendor,Final,B,HMW-P,Scheduled,1,Grand Ballroom,"Murray, Rob",
7/29/26,We,15,--,Incan Gold Juniors,--,C,Jr SE,--,2,Hemlock,"Shea, Elizabeth",
7/29/26,We,15,ALH,Alhambra,Heat 1/2,B,HWO,Scheduled,2,Sunburst,"Gutermuth, Debbie",
7/29/26,We,15,AUC,Auction,Heat 4/4,B,HWO,Scheduled,1,Chestnut,"Kyrkos, Vassili",
7/29/26,We,15,BKN,Breakout Normandy,Round 2/3,B,SEM,Continuous,6,First Tracks Slopeside,"Thompson, Nels",
7/29/26,We,15,CBC,Combat Commander,Round 5/5,B,SwEl,Continuous,4,Fox Den,"Wagner, Nathan",
7/29/26,We,15,CCN,Commands & Colors: Napoleonics,Round 4/4,B,SwEl,Continuous,2,Maple,"Polcen, Mike",
7/29/26,We,15,MMA,Monsters Menace America,Heat 4/4,C,HMW-P,Continuous,2,Grand Ballroom,"Pack, David-John",
7/29/26,We,15,SWS,Swords & Sails,Round 3/3,B,SW,Scheduled,4,Exhibit Hall,"Williams, Jason",
7/29/26,We,15,TTA,Titan The Arena,Heat 1/3,B,HMW-P,Scheduled,1,Wintergreen,"Breza, Kevin",
7/29/26,We,15,ELG,El Grande,Semifinal,B,HMW-P,Scheduled,2,Grand Ballroom,"Flowers, Rob",
7/29/26,We,15,SFR,Santa Fe Rails,Semifinal,B,HMW-P,Scheduled,2,Snowflake,"Drummond, Andrew",
7/29/26,We,16,ASL,Advanced Squad Leader,Round 1/3,A,SE,Continuous,5,Winterberry,"Schilling, Curt",
7/29/26,We,16,FFM,Freeman's Farm,Heat 4/4,B,HMW-P,Scheduled,3,Foggy Brews,"Lange, Jeff",
7/29/26,We,16,NVW,Naval War,Heat 2/3,B,HWO,Scheduled,3,Grand Ballroom,"Kramer, James",
7/29/26,We,16,SAG,Sagrada,Heat 2/3,B,HMW-P,Scheduled,1,Seasons,"Schreier, Daron",
7/29/26,We,16,AZL,Azul,Quarterfinal,B,HMW-P,Scheduled,1,Seasons,"Speaker, Eric",
7/29/26,We,16,AUC,Auction,Semifinal,B,HWO,Scheduled,1,Chestnut,"Kyrkos, Vassili",
7/29/26,We,16,PGD,Power Grid,Final,A,HMW-P,Scheduled,3,Laurel,"Munson, Mike",
7/29/26,We,17,ALL,Alliance,Demo 1/1,--,--,---,1,Exhibit Hall Annex #1,"McDonald, Scott",
7/29/26,We,17,ARC,Arcs,Heat 2/3,B,HMW-P,Scheduled,4,Grand Ballroom,"Tamburo, Joel",
7/29/26,We,17,FBS,Football Strategy,Heat 2/2,B,HMSE,Scheduled,7,Evergreen,"Schoose, Bert",
7/29/26,We,17,GCA,Great Campaigns of the ACW,Round 3/3,B,SwEl,Scheduled,3,First Tracks Poolside,"Cross, David",
7/29/26,We,17,LWD,Lords of Waterdeep,Heat 3/3,B,HMW-P,Scheduled,2,Sunburst,"St. Pierre, Robert",
7/29/26,We,17,ROW,Railways of the World,Heat 2/3,B,HMW-P,Scheduled,3,Alpine,"LeBoeuf, Pierre",
7/29/26,We,17,T&T,Thurn & Taxis,Heat 2/3,B,HWO,Scheduled,2,Seasons,"Latto, Andy",
7/29/26,We,17,VSD,Vegas Showdown,Heat 3/3,B,HMW-P,Scheduled,2,Grand Ballroom,"Kaltman, Mike",
7/29/26,We,17,AZL,Azul,Semifinal,B,HMW-P,Scheduled,1,Seasons,"Speaker, Eric",
7/29/26,We,17,MMA,Monsters Menace America,Semifinal,C,HMW-P,Continuous,2,Grand Ballroom,"Pack, David-John",
7/29/26,We,17,AUC,Auction,Final,B,HWO,Scheduled,1,Laurel,"Kyrkos, Vassili",
7/29/26,We,17,ELG,El Grande,Final,B,HMW-P,Scheduled,2,Grand Ballroom,"Flowers, Rob",
7/29/26,We,18,--,Ticket to Ride Juniors,--,C,Jr SE,--,2,Hemlock,"Byrd, Aaron",
7/29/26,We,18,ALL,Alliance,Round 1/3,C,SW,Scheduled,4,Fox Den,"McDonald, Scott",
7/29/26,We,18,HWD,History of the World,Heat 2/2,B,HMW-P,Scheduled,6,Alpine,"Fournier,Roberto",
7/29/26,We,18,SWR,Star Wars: Rebellion,Round 1/2,B,SEM,Scheduled,4,Fox Den,"Gregorio, Alex",
7/29/26,We,18,SCC,Stock Car Championship Racing,Heat 3/3,B,HMW-P,Scheduled,2,Wintergreen,"Wolfe, David",
7/29/26,We,18,TNW,The Napoleonic Wars,Heat 3/3,B,HE,Scheduled,6,Wagner's Run,"Williams, Gareth",
7/29/26,We,18,CBC,Combat Commander,Semifinal,B,SwEl,Continuous,4,Fox Den,"Wagner, Nathan",
7/29/26,We,18,CCN,Commands & Colors: Napoleonics,Semifinal,B,SwEl,Continuous,2,Maple,"Polcen, Mike",
7/29/26,We,18,EPB,Empire Builder,Semifinal,B,HMW-P,Scheduled,4,Snowflake,"Bromley, Trella",
7/29/26,We,18,JCY,John Company,Semifinal,B,HMW-P,Scheduled,5,Alpine,"Burdett, Jeff",
7/29/26,We,19,--,American Revolutionary War Trivia,--,--,--,--,2,Foggy Brews,"Miklos, Mark",
7/29/26,We,19,--,The Great Hunger,--,--,--,--,1,First Tracks Center,"McPartland, Kevin",
7/29/26,We,19,--,American Revolutionary Trivia,--,--,--,--,2,Foggy Brews,"Miklos, Mark",
7/29/26,We,19,ACQ,Acquire,Heat 1/3,B,HMW-P,Scheduled,2,Seasons,"Ackman, Cliff",
7/29/26,We,19,PRC,Pirate's Cove,Heat 2/3,B,HMW-P,Scheduled,2,Grand Ballroom,"Otwell, Janet",
7/29/26,We,19,RA!,Ra!,Heat 3/4,B,HMW-P,Scheduled,2,Grand Ballroom,"Bove, Alex",
7/29/26,We,19,7WD,7 Wonders Duel,Quarterfinal,B,HWO,Scheduled,2,Seasons,"Maguire, Patrick",
7/29/26,We,19,TFM,Terraforming Mars,Quarterfinal,A,HMW-P,Scheduled,4,Seasons,"Martin, Andrew",
7/29/26,We,19,ADV,Adel Verpflichtet,Semifinal,B,HMW-P,Scheduled,2,Snowflake,"Bender, Angela",
7/29/26,We,19,IMS,Imperial Struggle,Final,B,SwEl,Continuous,5,Laurel,"Drueding, Tom",
7/29/26,We,19,MMA,Monsters Menace America,Final,C,HMW-P,Continuous,2,Grand Ballroom,"Pack, David-John",
7/29/26,We,20,LST,Lost Cities,Heat 1/4,B,SwEl,Scheduled,1,Seasons,"Pettis, Roy",
7/29/26,We,20,7WD,7 Wonders Duel,Semifinal,B,HWO,Scheduled,2,Sunburst,"Maguire, Patrick",
7/29/26,We,20,RDG,Ra: The Dice Game,Semifinal,B,HWO,Scheduled,1,Seasons,"Del Carpio, Tina",
7/29/26,We,20,CBC,Combat Commander,Final,B,SwEl,Continuous,4,Laurel,"Wagner, Nathan",
7/29/26,We,20,CCN,Commands & Colors: Napoleonics,Final,B,SwEl,Continuous,2,Maple,"Polcen, Mike",
7/29/26,We,21,CCA,Commands & Colors: Ancients,Demo 1/1,--,--,---,1,Exhibit Hall Annex #1,"Hasty, Justin",
7/29/26,We,21,BCY,Battle Cry,Mulligan,A,SEM,Continuous,2,First Tracks Poolside,"Heintzelman, Geoff",
7/29/26,We,21,CMK,Castles of Mad King Ludwig,Heat 2/3,A,HMW-P,Scheduled,2,Seasons,"Corrado, John",
7/29/26,We,21,CTR,Charioteer,Heat 3/3,B,HMW-P,Scheduled,2,Grand Ballroom,Rader. Ed,
7/29/26,We,21,ING,Ingenious,Heat 3/3,B,HWO,Scheduled,1,Seasons,"DuBoff, Max",
7/29/26,We,21,SPG,Saint Petersburg,Heat 3/3,B,HMW-P,Scheduled,2,Sunburst,"Feathers, Ryan",
7/29/26,We,21,MED,Medici,Semifinal,C,HWO,Scheduled,2,Seasons,"Cornett, Jeff",
7/29/26,We,21,ADV,Adel Verpflichtet,Final,B,HMW-P,Scheduled,2,Snowflake,"Bender, Angela",
7/29/26,We,21,RDG,Ra: The Dice Game,Final,B,HWO,Scheduled,1,Laurel,"Del Carpio, Tina",
7/29/26,We,22,ING,Ingenious,Quarterfinal,B,HWO,Scheduled,1,Seasons,"DuBoff, Max",
7/29/26,We,22,7WD,7 Wonders Duel,Final,B,HWO,Scheduled,2,Sunburst,"Maguire, Patrick",
7/29/26,We,23,CNS,Can't Stop,Round 1/2,C,SE,Continuous,1,Grand Ballroom,"Drummond, Andrew",
7/29/26,We,23,MED,Medici,Final,C,HWO,Scheduled,2,Seasons,"Cornett, Jeff",
7/29/26,We,24,--,Open Gaming Library Closes,--,--,--,--,--,Exhibit Hall,"Buckwalter, Scott",
7/29/26,We,24,CNS,Can't Stop,Round 2/2,C,SE,Continuous,1,Grand Ballroom,"Drummond, Andrew",
Thursday,,,,,,,,,,,,
7/30/26,Th,1,CNS,Can't Stop,Semifinal,C,SE,Continuous,1,Grand Ballroom,"Drummond, Andrew",
7/30/26,Th,2,CNS,Can't Stop,Final,C,SE,Continuous,1,Grand Ballroom,"Drummond, Andrew",
7/30/26,Th,7:30,--,Yoga for all levels,--,--,--,--,0.75,Ski Lodge Deck,"Lewis, Jeff",
7/30/26,Th,8,--,Registration,--,--,--,--,12,Stag Pass,"Gutermuth, Ken",
7/30/26,Th,9,--,Open Gaming,--,--,--,--,15,Exhibit Hall,"Buckwalter, Scott",
7/30/26,Th,9,--,Open Gaming Library Opens,--,--,--,--,15,Exhibit Hall,"Buckwalter, Scott",
7/30/26,Th,9,--,Fuji Flush Juniors,--,C,Jr SE,--,2,Hemlock,"Carrigan, Bill",
7/30/26,Th,9,DSP,Dominant Species,Demo 1/1,--,--,---,1,Exhibit Hall Annex #2,"McKinnes, Luke",
7/30/26,Th,9,AFK,Afrika Korps,Round 6/7,A,SwEl,Freeform,7,Winterberry,"Sinigaglio, Bruno",
7/30/26,Th,9,ALL,Alliance,Round 2/3,C,SW,Scheduled,4,Fox Den,"McDonald, Scott",
7/30/26,Th,9,B17,B-17,Round 1/3,A,SW,Continuous,3,Wintergreen,"Yoshikawa, Mark",
7/30/26,Th,9,BAR,Battles of the American Revolution,Round 5/5,B,SwEl,Scheduled,10,Foggy Brews,"Miklos, Mark",
7/30/26,Th,9,BWD,Bitter Woods,Round 6/7,A,SwEl,Freeform,7,Winterberry,"Sinigaglio, Bruno",
7/30/26,Th,9,BRS,Brass,Heat 3/3,B,HMW-P,Scheduled,3,Grand Ballroom,"Towne, Jonathan",
7/30/26,Th,9,BKN,Breakout Normandy,Round 3/3,B,SEM,Continuous,6,First Tracks Slopeside,"Thompson, Nels",
7/30/26,Th,9,BRI,Britannia,Heat 3/3,B,HMW-P,Scheduled,5,Wagner's Run,"O'Connor, Matthew",
7/30/26,Th,9,CCA,Commands & Colors: Ancients,Round 1/4,B,SwEl,Continuous,1,Maple,"Hasty, Justin",
7/30/26,Th,9,FTP,For the People,Round 1/3,C,SEM,Continuous,6,First Tracks Poolside,"Pei, James",
7/30/26,Th,9,MMS,March Madness,Heat 3/4,B,HMSE,Scheduled,3,Evergreen,"Reiff, Bruce",
7/30/26,Th,9,PZB,Panzerblitz,Round 6/7,B,SwEl,Freeform,6,Winterberry,"Northey, Rick",
7/30/26,Th,9,RA!,Ra!,Heat 4/4,B,HMW-P,Scheduled,2,Grand Ballroom,"Bove, Alex",
7/30/26,Th,9,ROW,Railways of the World,Heat 3/3,B,HMW-P,Scheduled,3,Alpine,"LeBoeuf, Pierre",
7/30/26,Th,9,SQL,Squad Leader,Round 6/7,A,SwEl,Freeform,4,Winterberry,Pollard. Pete,
7/30/26,Th,9,SWR,Star Wars: Rebellion,Round 2/2,B,SEM,Scheduled,4,Sunburst,"Gregorio, Alex",
7/30/26,Th,9,TRC,The Russian Campaign,Round 6/7,A,SwEl,Freeform,5,Winterberry,"Karahalios, George",
7/30/26,Th,9,TTR,Ticket To Ride,Heat 3/4,B,HMW-T,Scheduled,2,Seasons,"Grey, Katie",
7/30/26,Th,9,TTN,Titan,Heat 4/4,A,HMW-P,Scheduled,5,First Tracks Poolside,"desJardins, David",
7/30/26,Th,9,UPF,Up Front,Round 1/5,B,SwEl,Continuous,2,Fox Den,"Whitesell, Ken",
7/30/26,Th,9,WAS,War At Sea,Round 1/5,A,SwEl,Continuous,2,First Tracks Center,"Meconi, Vince",
7/30/26,Th,9,WAT,Waterloo,Round 5/5,A,SwEl,Freeform,6,Winterberry,"Musella, Martin",
7/30/26,Th,9,WSM,Wooden Ships & Iron Men,Round 6/8,B,SwEl,Freeform,2,Winterberry,"Hitchings, Tim",
7/30/26,Th,9,GCA,Great Campaigns of the ACW,Quarterfinal,B,SwEl,Scheduled,3,First Tracks Slopeside,"Cross, David",
7/30/26,Th,9,BKM,Bunny Kingdom,Semifinal,B,HMW-P,Scheduled,2,Snowflake,"Youells, Kevin",
7/30/26,Th,9,EVD,Everdell,Semifinal,B,HMW-P,Scheduled,2,Sunburst,"Martin, Andrew",
7/30/26,Th,9,SPG,Saint Petersburg,Semifinal,B,HMW-P,Scheduled,2,Sunburst,"Feathers, Ryan",
7/30/26,Th,9,BXC,Boxcars,Final,B,HMW-P,Scheduled,4,Laurel,"Bromley, Trella",
7/30/26,Th,10,--,Vendors,--,--,--,--,8,Timberstone,"Gutermuth, Ken",
7/30/26,Th,10,ASL,Advanced Squad Leader,Round 2/3,A,SE,Continuous,5,Winterberry,"Schilling, Curt",
7/30/26,Th,10,FMR,Formula Motor Racing,Heat 2/3,B,HMW-P,Scheduled,2,Grand Ballroom,"LeFevre, Chris",
7/30/26,Th,10,CCA,Commands & Colors: Ancients,Round 2/4,B,SwEl,Continuous,1,Maple,"Hasty, Justin",
7/30/26,Th,11,IOV,Innovation,Demo 1/1,--,--,---,1,Exhibit Hall Annex #1,"Woods, Bronwyn",
7/30/26,Th,11,ABN,Air Baron,Heat 4/4,B,HMW-P,Scheduled,3,Dogwood,"Jamelli, Max",
7/30/26,Th,11,CCA,Commands & Colors: Ancients,Round 3/4,B,SwEl,Continuous,1,Maple,"Hasty, Justin",
7/30/26,Th,11,DSP,Dominant Species,Heat 1/2,B,HMW-P,Scheduled,4,Grand Ballroom,"McKinnes, Luke",
7/30/26,Th,11,UPF,Up Front,Round 2/5,B,SwEl,Continuous,2,Fox Den,"Whitesell, Ken",
7/30/26,Th,11,WAS,War At Sea,Round 2/5,A,SwEl,Continuous,2,First Tracks Center,"Meconi, Vince",
7/30/26,Th,11,WSN,Wingspan,Heat 2/3,B,HMW-P,Scheduled,2,Grand Ballroom,"Swift, Patti",
7/30/26,Th,11,VSD,Vegas Showdown,Semifinal,B,HMW-P,Scheduled,2,Grand Ballroom,"Kaltman, Mike",
7/30/26,Th,11,BKM,Bunny Kingdom,Final,B,HMW-P,Scheduled,2,Laurel,"Youells, Kevin",
7/30/26,Th,11,EVD,Everdell,Final,B,HMW-P,Scheduled,2,Laurel,"Martin, Andrew",
7/30/26,Th,12,--,Blokus Juniors,--,C,Jr SE,--,2,Hemlock,"Shea, Philip",
7/30/26,Th,12,B17,B-17,Round 2/3,A,SW,Continuous,3,Wintergreen,"Yoshikawa, Mark",
7/30/26,Th,12,CCA,Commands & Colors: Ancients,Round 4/4,B,SwEl,Continuous,1,Maple,"Hasty, Justin",
7/30/26,Th,12,KRM,Kremlin,Final,B,HMW-P,Scheduled,3,Laurel,"Cuccaro, Steve",
7/30/26,Th,13,--,Above the Trenches,--,--,--,--,2,First Tracks Slopeside,"Radgoski, Richard",
7/30/26,Th,13,--,Reconstruction: An Uncivil Peace,--,--,--,--,2,First Tracks Slopeside,"Poniske, John",
7/30/26,Th,13,CFR,Championship Formula Racing,Demo 1/1,--,--,---,1,Exhibit Hall Annex #5,"Long, Chris",
7/30/26,Th,13,ACQ,Acquire,Heat 2/3,B,HMW-P,Scheduled,2,Seasons,"Ackman, Cliff",
7/30/26,Th,13,ALH,Alhambra,Heat 2/2,B,HWO,Scheduled,2,Snowflake,"Gutermuth, Debbie",
7/30/26,Th,13,CMK,Castles of Mad King Ludwig,Heat 3/3,A,HMW-P,Scheduled,2,Seasons,"Corrado, John",
7/30/26,Th,13,DUN,Dune,Round 2/3,A,HE,Scheduled,5,Alpine,"Johnson, Brad",
7/30/26,Th,13,IOV,Innovation,Round 1/4,B,SwEl,Continuous,1,Sunburst,"Woods, Bronwyn",
7/30/26,Th,13,SSB,Superstar Baseball,Round 2/2,B,SwEl,Scheduled,4,Chestnut,"Lee, Roderick",
7/30/26,Th,13,UPF,Up Front,Round 3/5,B,SwEl,Continuous,2,Fox Den,"Whitesell, Ken",
7/30/26,Th,13,WAS,War At Sea,Round 3/5,A,SwEl,Continuous,2,First Tracks Center,"Meconi, Vince",
7/30/26,Th,13,SWR,Star Wars: Rebellion,Quarterfinal,B,SEM,Scheduled,4,Sunburst,"Gregorio, Alex",
7/30/26,Th,13,CCA,Commands & Colors: Ancients,Semifinal,B,SwEl,Continuous,1,Maple,"Hasty, Justin",
7/30/26,Th,13,GCA,Great Campaigns of the ACW,Semifinal,B,SwEl,Scheduled,3,First Tracks Slopeside,"Cross, David",
7/30/26,Th,13,ROW,Railways of the World,Semifinal,B,HMW-P,Scheduled,3,Alpine,"LeBoeuf, Pierre",
7/30/26,Th,13,STA,Stone Age,Semifinal,B,HWO,Scheduled,2,Seasons,"Stufflet, Dave",
7/30/26,Th,14,--,M44 Overlord - Moyland Wood,--,--,--,--,4,First Tracks Slopeside,"Edelston, Sam",
7/30/26,Th,14,ALL,Alliance,Round 3/3,C,SW,Scheduled,4,Fox Den,"McDonald, Scott",
7/30/26,Th,14,IOV,Innovation,Round 2/4,B,SwEl,Continuous,1,Sunburst,"Woods, Bronwyn",
7/30/26,Th,15,--,Deception: Murder in Hong Kong Juniors,--,C,Jr SE,--,2,Hemlock,"Doughan, Drew",
7/30/26,Th,15,B17,B-17,Round 3/3,A,SW,Continuous,3,Wintergreen,"Yoshikawa, Mark",
7/30/26,Th,15,CFR,Championship Formula Racing,Heat 1/3,B,HMW-P,Scheduled,4,Evergreen,"Long, Chris",
7/30/26,Th,15,DNI,Dune Imperium,Heat 2/3,B,HMW-P,Scheduled,3,Seasons,"Spencer, Jay",
7/30/26,Th,15,FTP,For the People,Round 2/3,C,SEM,Continuous,6,First Tracks Poolside,"Pei, James",
7/30/26,Th,15,IOV,Innovation,Round 3/4,B,SwEl,Continuous,1,Sunburst,"Woods, Bronwyn",
7/30/26,Th,15,LLM,Leaping Lemmings,Heat 3/4,C,HWO,Scheduled,2,Snowflake,"Powers, Bill",
7/30/26,Th,15,ORL,Orleans,Heat 1/2,A,HMW-P,Scheduled,2,Seasons,"Jiang, Allan",
7/30/26,Th,15,PRO,Puerto Rico,Heat 1/3,B,HMW-P,Scheduled,2,Seasons,"Shay, Richard",
7/30/26,Th,15,UPF,Up Front,Round 4/5,B,SwEl,Continuous,2,Fox Den,"Whitesell, Ken",
7/30/26,Th,15,V19,Versailles 1919,Heat 2/2,B,HMW-P,Scheduled,3,Grand Ballroom,"Pettis, Roy",
7/30/26,Th,15,WAS,War At Sea,Round 4/5,A,SwEl,Continuous,2,First Tracks Center,"Meconi, Vince",
7/30/26,Th,15,AKN,Ark Nova,Semifinal,A,HWO,Scheduled,3,Seasons,"Weaver, Chad",
7/30/26,Th,15,BKN,Breakout Normandy,Semifinal,B,SEM,Continuous,6,First Tracks Slopeside,"Thompson, Nels",
7/30/26,Th,15,LWD,Lords of Waterdeep,Semifinal,B,HMW-P,Scheduled,2,Seasons,"St. Pierre, Robert",
7/30/26,Th,15,CCA,Commands & Colors: Ancients,Final,B,SwEl,Continuous,1,Maple,"Hasty, Justin",
7/30/26,Th,16,IOV,Innovation,Round 4/4,B,SwEl,Continuous,1,Sunburst,"Woods, Bronwyn",
7/30/26,Th,16,UPF,Up Front,Round 5/5,B,SwEl,Continuous,2,Fox Den,"Whitesell, Ken",
7/30/26,Th,17,ASL,Advanced Squad Leader,Round 3/3,A,SE,Continuous,5,Winterberry,"Schilling, Curt",
7/30/26,Th,17,ARC,Arcs,Heat 3/3,B,HMW-P,Scheduled,4,Grand Ballroom,"Tamburo, Joel",
7/30/26,Th,17,NVG,Navegador,Heat 3/3,B,HMW-P,Scheduled,2,Snowflake,"Martin, Chad",
7/30/26,Th,17,TTR,Ticket To Ride,Heat 4/4,B,HMW-T,Scheduled,2,Seasons,"Grey, Katie",
7/30/26,Th,17,WAS,War At Sea,Round 5/5,A,SwEl,Continuous,2,First Tracks Center,"Meconi, Vince",
7/30/26,Th,17,IOV,Innovation,Quarterfinal,B,SwEl,Continuous,1,Sunburst,"Woods, Bronwyn",
7/30/26,Th,17,CTR,Charioteer,Semifinal,B,HMW-P,Scheduled,2,Grand Ballroom,Rader. Ed,
7/30/26,Th,17,FFM,Freeman's Farm,Semifinal,B,HMW-P,Scheduled,3,Foggy Brews,"Lange, Jeff",
7/30/26,Th,17,SWR,Star Wars: Rebellion,Semifinal,B,SEM,Scheduled,4,Sunburst,"Gregorio, Alex",
7/30/26,Th,17,SFR,Santa Fe Rails,Final,B,HMW-P,Scheduled,2,Laurel,"Drummond, Andrew",
7/30/26,Th,17,STA,Stone Age,Final,B,HWO,Scheduled,2,Laurel,"Stufflet, Dave",
7/30/26,Th,17,TT2,Titan 2-Player,Final,B,HMSE,Scheduled,5,Laurel,"desJardins, David",
7/30/26,Th,18,--,King of Tokyo Juniors,--,C,Jr SE,--,2,Hemlock,"Heinz, Lucas",
7/30/26,Th,18,UPF,Up Front,Quarterfinal,B,SwEl,Continuous,2,Fox Den,"Whitesell, Ken",
7/30/26,Th,18,HWD,History of the World,Semifinal,B,HMW-P,Scheduled,6,Alpine,"Fournier,Roberto",
7/30/26,Th,18,IOV,Innovation,Semifinal,B,SwEl,Continuous,1,Sunburst,"Woods, Bronwyn",
7/30/26,Th,18,EPB,Empire Builder,Final,B,HMW-P,Scheduled,4,Laurel,"Bromley, Trella",
7/30/26,Th,18,JCY,John Company,Final,B,HMW-P,Scheduled,5,Alpine,"Burdett, Jeff",
7/30/26,Th,18,SCC,Stock Car Championship Racing,Final,B,HMW-P,Scheduled,2,Wintergreen,"Wolfe, David",
7/30/26,Th,19,CQP,Conquest of Paradise,Demo 1/1,--,--,---,1,Exhibit Hall Annex #2,"McPartland, Kevin",
7/30/26,Th,19,RFG,Race for the Galaxy,Demo 1/1,--,--,---,1,Exhibit Hall Annex #5,"Freeman, Eric",
7/30/26,Th,19,AOA,Ace of Aces,Heat 4/4,C,SwEl,Freeform,1,Chestnut,"Chesnut, Matt",
7/30/26,Th,19,HIS,Here I Stand,Round 2/2,B,HMW-P,Scheduled,6,Wagner's Run,"Rice, Justin",
7/30/26,Th,19,MCB,Moon Colony Bloodbath,Heat 1/2,C,HMW-P,Continuous,2,Seasons,"Feathers, Ryan",
7/30/26,Th,19,TTA,Titan The Arena,Heat 2/3,B,HMW-P,Scheduled,1,Snowflake,"Breza, Kevin",
7/30/26,Th,19,WAS,War At Sea,Quarterfinal,A,SwEl,Continuous,2,First Tracks Center,"Meconi, Vince",
7/30/26,Th,19,TFM,Terraforming Mars,Semifinal,A,HMW-P,Scheduled,4,Seasons,"Martin, Andrew",
7/30/26,Th,19,CTR,Charioteer,Final,B,HMW-P,Scheduled,2,Grand Ballroom,Rader. Ed,
7/30/26,Th,19,IOV,Innovation,Final,B,SwEl,Continuous,1,Sunburst,"Woods, Bronwyn",
7/30/26,Th,19,LWD,Lords of Waterdeep,Final,B,HMW-P,Scheduled,2,Laurel,"St. Pierre, Robert",
7/30/26,Th,19,ROW,Railways of the World,Final,B,HMW-P,Scheduled,3,Laurel,"LeBoeuf, Pierre",
7/30/26,Th,20,--,America 250 Anniversary Party,--,--,--,--,1,Foggy Brews,"Miklos, Mark",
7/30/26,Th,20,E&T,Euphrat & Tigris,Demo 1/1,--,--,---,1,Exhibit Hall Annex #1,"Moffit, Craig",
7/30/26,Th,20,M44,Memoir '44,Demo 1/1,--,--,---,1,Exhibit Hall Annex #6,"Edelston, Sam",
7/30/26,Th,20,WNW,Wilderness War,Demo 1/1,--,--,---,1,Exhibit Hall Annex #2,"MacInnis, Randall",
7/30/26,Th,20,GXT,Galaxy Trucker,Heat 3/3,B,HMW-P,Scheduled,2,First Tracks Poolside,"Finberg, David",
7/30/26,Th,20,SAG,Sagrada,Heat 3/3,B,HMW-P,Scheduled,1,Seasons,"Schreier, Daron",
7/30/26,Th,20,BRS,Brass,Semifinal,B,HMW-P,Scheduled,3,Alpine,"Towne, Jonathan",
7/30/26,Th,20,UPF,Up Front,Semifinal,B,SwEl,Continuous,2,Fox Den,"Whitesell, Ken",
7/30/26,Th,21,CQP,Conquest of Paradise,Heat 1/3,B,HMW-P,Scheduled,3,Snowflake,"McPartland, Kevin",
7/30/26,Th,21,FTP,For the People,Round 3/3,C,SEM,Continuous,6,First Tracks Poolside,"Pei, James",
7/30/26,Th,21,M44,Memoir '44,Mulligan,B,SEM,Continuous,2,Maple,"Edelston, Sam",
7/30/26,Th,21,MCB,Moon Colony Bloodbath,Heat 2/2,C,HMW-P,Continuous,2,Seasons,"Feathers, Ryan",
7/30/26,Th,21,RFG,Race for the Galaxy,Heat 1/4,B,HMW-P,Scheduled,1,Seasons,"Freeman, Eric",
7/30/26,Th,21,ING,Ingenious,Semifinal,B,HWO,Scheduled,1,Wintergreen,"DuBoff, Max",
7/30/26,Th,21,WAS,War At Sea,Semifinal,A,SwEl,Continuous,2,First Tracks Center,"Meconi, Vince",
7/30/26,Th,21,UPF,Up Front,Final,B,SwEl,Continuous,2,Fox Den,"Whitesell, Ken",
7/30/26,Th,22,RFG,Race for the Galaxy,Heat 2/4,B,HMW-P,Scheduled,1,Seasons,"Freeman, Eric",
7/30/26,Th,22,ING,Ingenious,Final,B,HWO,Scheduled,1,Wintergreen,"DuBoff, Max",
7/30/26,Th,23,PGF,Pro Golf,Round 1/1,A,SE,Continuous,2,Grand Ballroom,"Monnin, Bruce",
7/30/26,Th,23,MCB,Moon Colony Bloodbath,Semifinal,C,HMW-P,Continuous,2,Seasons,"Feathers, Ryan",
7/30/26,Th,23,VSD,Vegas Showdown,Final,B,HMW-P,Scheduled,2,Laurel,"Kaltman, Mike",
7/30/26,Th,23,WAS,War At Sea,Final,A,SwEl,Continuous,2,First Tracks Center,"Meconi, Vince",
7/30/26,Th,24,--,Open Gaming Library Closes,--,--,--,--,--,Exhibit Hall,"Buckwalter, Scott",
Friday,,,,,,,,,,,,
7/31/26,Fr,1,PGF,Pro Golf,Final,A,S\E,Continuous,2,Grand Ballroom,"Monnin, Bruce",
7/31/26,Fr,7:30,--,Yoga for all levels,--,--,--,--,0.75,Ski Lodge Deck,"Lewis, Jeff",
7/31/26,Fr,8,--,Registration,--,--,--,--,12,Stag Pass,"Gutermuth, Ken",
7/31/26,Fr,9,--,Open Gaming,--,--,--,--,15,Exhibit Hall,"Buckwalter, Scott",
7/31/26,Fr,9,--,Open Gaming Library Opens,--,--,--,--,15,Exhibit Hall,"Buckwalter, Scott",
7/31/26,Fr,9,--,Formula Motor Racing Juniors,--,C,Jr SE,--,2,Hemlock,"Pack, David-John",
7/31/26,Fr,9,65S,65: Squad Level Battles,Demo 1/1,--,--,--,1,Exhibit Hall Annex #3,"Shedden, Sephen",
7/31/26,Fr,9,AUT,Automobile,Demo 1/1,--,--,---,1,Exhibit Hall Annex #7,"Borton, D.J.",
7/31/26,Fr,9,CNC,Concordia,Demo 1/1,--,--,---,1,Exhibit Hall Annex #1,"Katz, Chris",
7/31/26,Fr,9,AFK,Afrika Korps,Round 7/7,A,SwEl,Freeform,7,Winterberry,"Sinigaglio, Bruno",
7/31/26,Fr,9,BWD,Bitter Woods,Round 7/7,A,SwEl,Freeform,7,Winterberry,"Sinigaglio, Bruno",
7/31/26,Fr,9,COB,Castles of Burgundy,Round 3/3,B,HMW-P,Scheduled,3,Seasons,"Irving, Richard",
7/31/26,Fr,9,DUN,Dune,Round 3/3,A,HE,Scheduled,5,Alpine,"Johnson, Brad",
7/31/26,Fr,9,LLM,Leaping Lemmings,Heat 4/4,C,HWO,Scheduled,2,Sunburst,"Powers, Bill",
7/31/26,Fr,9,LST,Lost Cities,Heat 2/4,B,SwEl,Scheduled,1,Sunburst,"Pettis, Roy",
7/31/26,Fr,9,MMS,March Madness,Heat 4/4,B,HMSE,Scheduled,3,Evergreen,"Reiff, Bruce",
7/31/26,Fr,9,M44,Memoir '44,Round 1/4,B,SEM,Continuous,2,Maple,"Edelston, Sam",
7/31/26,Fr,9,PZB,Panzerblitz,Round 7/7,B,SwEl,Freeform,6,Winterberry,"Northey, Rick",
7/31/26,Fr,9,RFG,Race for the Galaxy,Heat 3/4,B,HMW-P,Scheduled,1,Seasons,"Freeman, Eric",
7/31/26,Fr,9,SQL,Squad Leader,Round 7/7,A,SwEl,Freeform,4,Winterberry,Pollard. Pete,
7/31/26,Fr,9,TRC,The Russian Campaign,Round 7/7,A,SwEl,Freeform,5,Winterberry,"Karahalios, George",
7/31/26,Fr,9,T&T,Thurn & Taxis,Heat 3/3,B,HWO,Scheduled,2,Seasons,"Latto, Andy",
7/31/26,Fr,9,WNW,Wilderness War,Round 1/4,B,SW,Continuous,4,First Tracks Poolside,"MacInnis, Randall",
7/31/26,Fr,9,WSM,Wooden Ships & Iron Men,Round 7/8,B,SwEl,Freeform,2,Winterberry,"Hitchings, Tim",
7/31/26,Fr,9,BAR,Battles of the American Revolution,Quarterfinal,B,SwEl,Scheduled,10,Foggy Brews,"Miklos, Mark",
7/31/26,Fr,9,CAS,Cascadia,Quarterfinal,B,HWO,Scheduled,2,Seasons,"Allen, Henry",
7/31/26,Fr,9,BRI,Britannia,Semifinal,B,HMW-P,Scheduled,5,Wagner's Run,"O'Connor, Matthew",
7/31/26,Fr,9,FTP,For the People,Semifinal,C,SEM,Continuous,6,First Tracks Poolside,"Pei, James",
7/31/26,Fr,9,GAP,Gaia Project,Semifinal,B,HMW-P,Scheduled,3,Grand Ballroom,"Cederquist, Dave",
7/31/26,Fr,9,HIS,Here I Stand,Semifinal,B,HMW-P,Scheduled,6,Wagner's Run,"Rice, Justin",
7/31/26,Fr,9,SSB,Superstar Baseball,Semifinal,B,SwEl,Scheduled,4,Chestnut,"Lee, Roderick",
7/31/26,Fr,9,BKN,Breakout Normandy,Final,B,SEM,Continuous,6,First Tracks Slopeside,"Thompson, Nels",
7/31/26,Fr,9,GCA,Great Campaigns of the ACW,Final,B,SwEl,Scheduled,3,Laurel,"Cross, David",
7/31/26,Fr,9,MCB,Moon Colony Bloodbath,Final,C,HMW-P,Continuous,2,Laurel,"Feathers, Ryan",
7/31/26,Fr,9,SWR,Star Wars: Rebellion,Final,B,SEM,Scheduled,4,Laurel,"Gregorio, Alex",
7/31/26,Fr,10,--,Vendors,--,--,--,--,8,Timberstone,"Gutermuth, Ken",
7/31/26,Fr,10,AUT,Automobile,Heat 1/2,B,HMW-P,Scheduled,3,Sunburst,"Borton, D.J.",
7/31/26,Fr,10,NVW,Naval War,Heat 3/3,B,HWO,Scheduled,3,Grand Ballroom,"Kramer, James",
7/31/26,Fr,10,RFG,Race for the Galaxy,Heat 4/4,B,HMW-P,Scheduled,1,Seasons,"Freeman, Eric",
7/31/26,Fr,10,ASL,Advanced Squad Leader,Quarterfinal,A,SE,Continuous,5,Winterberry,"Schilling, Curt",
7/31/26,Fr,10,FDE,Formula De,Semifinal,C,HMW-P,Scheduled,3,Alpine,"Meader, Eric",
7/31/26,Fr,11,--,Relic Wars,--,--,--,--,1,First Tracks Center,"Walker, Denver",
7/31/26,Fr,11,EGZ,Egizia,Demo 1/1,--,--,---,1,Exhibit Hall Annex #2,"Emerick, Andrew",
7/31/26,Fr,11,E&T,Euphrat & Tigris,Heat 1/3,B,HMW-P,Scheduled,2,Seasons,"Moffit, Craig",
7/31/26,Fr,11,M44,Memoir '44,Round 2/4,B,SEM,Continuous,2,Maple,"Edelston, Sam",
7/31/26,Fr,11,PRC,Pirate's Cove,Heat 3/3,B,HMW-P,Scheduled,2,Grand Ballroom,"Otwell, Janet",
7/31/26,Fr,11,QGB,Star Wars: Queen's Gambit,Quarterfinal,B,HWO,Scheduled,2,Fox Den,"Kizer, Chris",
7/31/26,Fr,11,T&T,Thurn & Taxis,Quarterfinal,B,HWO,Scheduled,2,Sunburst,"Latto, Andy",
7/31/26,Fr,11,ACS,Atlantic Storm,Semifinal,A,HMW-P,Scheduled,2,Grand Ballroom,"Evinger, Tim",
7/31/26,Fr,11,CAS,Cascadia,Semifinal,B,HWO,Scheduled,2,Seasons,"Allen, Henry",
7/31/26,Fr,11,TTN,Titan,Semifinal,A,HMW-P,Scheduled,5,First Tracks Center,"desJardins, David",
7/31/26,Fr,11,SPG,Saint Petersburg,Final,B,HMW-P,Scheduled,2,Laurel,"Feathers, Ryan",
7/31/26,Fr,12,--,Splendor Juniors,--,C,Jr SE,--,2,Hemlock,"Shea, Jessica",
7/31/26,Fr,12,ABN,Air Baron,Semifinal,B,HMW-P,Scheduled,3,Dogwood,"Jamelli, Max",
7/31/26,Fr,12,ARC,Arcs,Semifinal,B,HMW-P,Scheduled,4,Grand Ballroom,"Tamburo, Joel",
7/31/26,Fr,12,AKN,Ark Nova,Final,A,HWO,Scheduled,3,Laurel,"Weaver, Chad",
7/31/26,Fr,13,--,Above the Trenches,--,--,--,--,2,First Tracks Center,"Radgoski, Richard",
7/31/26,Fr,13,CFR,Championship Formula Racing,Heat 2/3,B,HMW-P,Scheduled,4,Evergreen,"Long, Chris",
7/31/26,Fr,13,DSP,Dominant Species,Heat 2/2,B,HMW-P,Scheduled,4,Seasons,"McKinnes, Luke",
7/31/26,Fr,13,EGZ,Egizia,Heat 1/3,B,HMW-P,Scheduled,2,Seasons,"Emerick, Andrew",
7/31/26,Fr,13,M44,Memoir '44,Round 3/4,B,SEM,Continuous,2,Maple,"Edelston, Sam",
7/31/26,Fr,13,MOV,Merchant of Venus,Heat 3/3,B,HMW-P,Scheduled,3,Sunburst,"Irving, Richard",
7/31/26,Fr,13,WNW,Wilderness War,Round 2/4,B,SW,Continuous,4,First Tracks Poolside,"MacInnis, Randall",
7/31/26,Fr,13,WSN,Wingspan,Heat 3/3,B,HMW-P,Scheduled,2,Grand Ballroom,"Swift, Patti",
7/31/26,Fr,13,ALH,Alhambra,Quarterfinal,B,HWO,Scheduled,2,Sunburst,"Gutermuth, Debbie",
7/31/26,Fr,13,CMK,Castles of Mad King Ludwig,Quarterfinal,A,HMW-P,Scheduled,2,Seasons,"Corrado, John",
7/31/26,Fr,13,QGB,Star Wars: Queen's Gambit,Semifinal,B,HWO,Scheduled,2,Fox Den,"Kizer, Chris",
7/31/26,Fr,13,T&T,Thurn & Taxis,Semifinal,B,HWO,Scheduled,2,Sunburst,"Latto, Andy",
7/31/26,Fr,13,WAT,Waterloo,Semifinal,A,SwEl,Freeform,6,Winterberry,"Musella, Martin",
7/31/26,Fr,13,ACS,Atlantic Storm,Final,A,HMW-P,Scheduled,2,Laurel,"Evinger, Tim",
7/31/26,Fr,13,BRI,Britannia,Final,B,HMW-P,Scheduled,5,Wagner's Run,"O'Connor, Matthew",
7/31/26,Fr,14,65S,65: Squad Level Battles,Round 1/1,B,SE,Scheduled,3,Winterberry,"Shedden, Sephen",
7/31/26,Fr,14,CQP,Conquest of Paradise,Heat 2/3,B,HMW-P,Scheduled,3,First Tracks Center,"McPartland, Kevin",
7/31/26,Fr,14,CRK,Crokinole,Heat 1/4,C,SwEl,Scheduled,2,Snowflake,"Brown, Steve",
7/31/26,Fr,14,EIS,Enemy in Sight,Heat 3/3,B,HWO,Scheduled,3,Grand Ballroom,"Evinger, Matt",
7/31/26,Fr,14,RRY,Robo Rally,Heat 3/3,C,HWO,Scheduled,3,Grand Ballroom,"Houde, Marc",
7/31/26,Fr,15,--,Sleeping Queens Juniors,--,C,Jr SE,--,2,Hemlock,"Raszewski, Samantha",
7/31/26,Fr,15,CNC,Concordia,Heat 1/2,B,HMW-P,Scheduled,2,Snowflake,"Katz, Chris",
7/31/26,Fr,15,E&T,Euphrat & Tigris,Heat 2/3,B,HMW-P,Scheduled,2,Seasons,"Moffit, Craig",
7/31/26,Fr,15,FMR,Formula Motor Racing,Heat 3/3,B,HMW-P,Scheduled,2,Grand Ballroom,"LeFevre, Chris",
7/31/26,Fr,15,M44,Memoir '44,Round 4/4,B,SEM,Continuous,2,Maple,"Edelston, Sam",
7/31/26,Fr,15,QOQ,Quacks,Heat 2/3,B,HMW-P,Scheduled,2,Seasons,"Hansen, Virginia",
7/31/26,Fr,15,ALH,Alhambra,Semifinal,B,HWO,Scheduled,2,Fox Den,"Gutermuth, Debbie",
7/31/26,Fr,15,CMK,Castles of Mad King Ludwig,Semifinal,A,HMW-P,Scheduled,2,Seasons,"Corrado, John",
7/31/26,Fr,15,ABN,Air Baron,Final,B,HMW-P,Scheduled,3,Dogwood,"Jamelli, Max",
7/31/26,Fr,15,AZL,Azul,Final,B,HMW-P,Scheduled,1,Laurel,"Speaker, Eric",
7/31/26,Fr,15,CAS,Cascadia,Final,B,HWO,Scheduled,2,Laurel,"Allen, Henry",
7/31/26,Fr,15,FTP,For the People,Final,C,SEM,Continuous,6,First Tracks Poolside,"Pei, James",
7/31/26,Fr,15,QGB,Star Wars: Queen's Gambit,Final,B,HWO,Scheduled,2,Fox Den,"Kizer, Chris",
7/31/26,Fr,15,T&T,Thurn & Taxis,Final,B,HWO,Scheduled,2,Sunburst,"Latto, Andy",
7/31/26,Fr,16,DNI,Dune Imperium,Heat 3/3,B,HMW-P,Scheduled,3,Seasons,"Spencer, Jay",
7/31/26,Fr,16,AFK,Afrika Korps,Semifinal,A,SwEl,Freeform,7,Winterberry,"Sinigaglio, Bruno",
7/31/26,Fr,16,GXT,Galaxy Trucker,Semifinal,B,HMW-P,Scheduled,2,First Tracks Center,"Finberg, David",
7/31/26,Fr,17,,Band of Brothers Redux,--,--,--,--,2,First Trascks Slopeside,"Dworschak, Tom",
7/31/26,Fr,17,BAT,Battle Line,Demo 1/1,--,--,---,1,Exhibit Hall Annex #6,"McCulloch, Sean",
7/31/26,Fr,17,DIP,Diplomacy,Demo 1/1,--,--,---,1,Exhibit Hall Annex #7,"Wilsbach, Anton",
7/31/26,Fr,17,CRK,Crokinole,Heat 2/4,C,SwEl,Scheduled,2,Snowflake,"Brown, Steve",
7/31/26,Fr,17,EGZ,Egizia,Heat 2/3,B,HMW-P,Scheduled,2,Seasons,"Emerick, Andrew",
7/31/26,Fr,17,ORL,Orleans,Heat 2/2,A,HMW-P,Scheduled,2,Seasons,"Jiang, Allan",
7/31/26,Fr,17,WNW,Wilderness War,Round 3/4,B,SW,Continuous,4,First Tracks Poolside,"MacInnis, Randall",
7/31/26,Fr,17,WSN,Wingspan,Quarterfinal,B,HMW-P,Scheduled,2,Grand Ballroom,"Swift, Patti",
7/31/26,Fr,17,ASL,Advanced Squad Leader,Semifinal,A,SE,Continuous,5,Winterberry,"Schilling, Curt",
7/31/26,Fr,17,FMR,Formula Motor Racing,Semifinal,B,HMW-P,Scheduled,2,Grand Ballroom,"LeFevre, Chris",
7/31/26,Fr,17,MMS,March Madness,Semifinal,B,HMSE,Scheduled,3,Evergreen,"Reiff, Bruce",
7/31/26,Fr,17,M44,Memoir '44,Semifinal,B,SEM,Continuous,2,Maple,"Edelston, Sam",
7/31/26,Fr,17,RRY,Robo Rally,Semifinal,C,HWO,Scheduled,3,Grand Ballroom,"Houde, Marc",
7/31/26,Fr,17,SAG,Sagrada,Semifinal,B,HMW-P,Scheduled,1,Seasons,"Schreier, Daron",
7/31/26,Fr,17,ALH,Alhambra,Final,B,HWO,Scheduled,2,Laurel,"Gutermuth, Debbie",
7/31/26,Fr,17,ARC,Arcs,Final,B,HMW-P,Scheduled,4,Laurel,"Tamburo, Joel",
7/31/26,Fr,17,BRS,Brass,Final,B,HMW-P,Scheduled,3,Dogwood,"Towne, Jonathan",
7/31/26,Fr,17,CMK,Castles of Mad King Ludwig,Final,A,HMW-P,Scheduled,2,Laurel,"Corrado, John",
7/31/26,Fr,18,--,Ivanhoe Juniors,--,C,Jr SE,--,2,Hemlock,"Roeper, Barbara",
7/31/26,Fr,18,WOR,War of the Ring,Demo 1/1,--,--,---,1,Exhibit Hall Annex #1,"Martin, Jeromey",
7/31/26,Fr,18,CMS,Circus Maximus,Heat 3/3,C,HMW-P,Scheduled,4,Wintergreen,"Smith, Barry",
7/31/26,Fr,18,TNW,The Napoleonic Wars,Semifinal,B,HE,Scheduled,6,Wagner's Run,"Williams, Gareth",
7/31/26,Fr,18,SAG,Sagrada,Final,B,HMW-P,Scheduled,1,Seasons,"Schreier, Daron",
7/31/26,Fr,18,SSB,Superstar Baseball,Final,B,SwEl,Scheduled,4,Laurel,"Lee, Roderick",
7/31/26,Fr,19,BAT,Battle Line,Round 1/1,B,SwEl,Continuous,2,Seasons,"McCulloch, Sean",
7/31/26,Fr,19,DIP,Diplomacy,Round 1/3,B,SW,Scheduled,4,Alpine,"Wilsbach, Anton",
7/31/26,Fr,19,FHB,Fury Hardball,Round 1/3,A,SwEl,Continuous,1,Chestnut,"Lewis, Andy",
7/31/26,Fr,19,PRO,Puerto Rico,Heat 2/3,B,HMW-P,Scheduled,2,Seasons,"Shay, Richard",
7/31/26,Fr,19,QOQ,Quacks,Heat 3/3,B,HMW-P,Scheduled,2,Sunburst,"Hansen, Virginia",
7/31/26,Fr,19,RA!,Ra!,Quarterfinal,B,HMW-P,Scheduled,2,Grand Ballroom,"Bove, Alex",
7/31/26,Fr,19,FMR,Formula Motor Racing,Final,B,HMW-P,Scheduled,2,Dogwood,"LeFevre, Chris",
7/31/26,Fr,19,GAP,Gaia Project,Final,B,HMW-P,Scheduled,3,Laurel,"Cederquist, Dave",
7/31/26,Fr,19,MMS,March Madness,Final,B,HMSE,Scheduled,3,Evergreen,"Reiff, Bruce",
7/31/26,Fr,19,M44,Memoir '44,Final,B,SEM,Continuous,2,Maple,"Edelston, Sam",
7/31/26,Fr,20,CRK,Crokinole,Heat 3/4,C,SwEl,Scheduled,2,Snowflake,"Brown, Steve",
7/31/26,Fr,20,FHB,Fury Hardball,Round 2/3,A,SwEl,Continuous,1,Chestnut,"Lewis, Andy",
7/31/26,Fr,20,WOR,War of the Ring,Round 1/4,C,SEM,Continuous,4,Fox Den,"Martin, Jeromey",
7/31/26,Fr,20,V19,Versailles 1919,Semifinal,B,HMW-P,Scheduled,3,Grand Ballroom,"Pettis, Roy",
7/31/26,Fr,20,TFM,Terraforming Mars,Final,A,HMW-P,Scheduled,4,Laurel,"Martin, Andrew",
7/31/26,Fr,21,--,B-17 After Action Meeting,--,--,--,--,3,Matterhorn,"Yoshikawa, Mark",
7/31/26,Fr,21,ACQ,Acquire,Heat 3/3,B,HMW-P,Scheduled,2,Seasons,"Ackman, Cliff",
7/31/26,Fr,21,AUT,Automobile,Heat 2/2,B,HMW-P,Scheduled,3,Sunburst,"Borton, D.J.",
7/31/26,Fr,21,CNC,Concordia,Heat 2/2,B,HMW-P,Scheduled,2,Seasons,"Katz, Chris",
7/31/26,Fr,21,FHB,Fury Hardball,Round 3/3,A,SwEl,Continuous,1,Chestnut,"Lewis, Andy",
7/31/26,Fr,21,WNW,Wilderness War,Round 4/4,B,SW,Continuous,4,First Tracks Poolside,"MacInnis, Randall",
7/31/26,Fr,21,BAT,Battle Line,Quarterfinal,B,SwEl,Continuous,1,Seasons,"McCulloch, Sean",
7/31/26,Fr,21,HET,Heat: Pedal to the Metal,Semifinal,B,HMW-P,Scheduled,2,Dogwood,"Wolff, Jack",
7/31/26,Fr,21,RA!,Ra!,Semifinal,B,HMW-P,Scheduled,2,Grand Ballroom,"Bove, Alex",
7/31/26,Fr,22,LID,Liar's Dice,Demo 1/1,--,--,---,1,Exhibit Hall Annex #9,"Anderson, Erika",
7/31/26,Fr,22,FHB,Fury Hardball,Quarterfinal,A,SwEl,Continuous,1,Chestnut,"Lewis, Andy",
7/31/26,Fr,22,BAT,Battle Line,Semifinal,B,SwEl,Continuous,1,Seasons,"McCulloch, Sean",
7/31/26,Fr,23,--,M44 Overlord - Kursk,--,--,--,--,4,First Tracks Slopeside,"Edelston, Sam",
7/31/26,Fr,23,LID,Liar's Dice,Round 1/1,B,SE,Continuous,1,Grand Ballroom,"Anderson, Erika",
7/31/26,Fr,23,FHB,Fury Hardball,Semifinal,A,SwEl,Continuous,1,Chestnut,"Lewis, Andy",
7/31/26,Fr,23,BAT,Battle Line,Final,B,SwEl,Continuous,1,Seasons,"McCulloch, Sean",
7/31/26,Fr,23,HET,Heat: Pedal to the Metal,Final,B,HMW-P,Scheduled,2,Dogwood,"Wolff, Jack",
7/31/26,Fr,23,RA!,Ra!,Final,B,HMW-P,Scheduled,2,Laurel,"Bove, Alex",
7/31/26,Fr,24,--,Open Gaming Library Closes,--,--,--,--,--,Exhibit Hall,"Buckwalter, Scott",
7/31/26,Fr,24,LID,Liar's Dice,Semifinal,B,SE,Continuous,1,Grand Ballroom,"Anderson, Erika",
7/31/26,Fr,24,FHB,Fury Hardball,Final,A,SwEl,Continuous,1,Chestnut,"Lewis, Andy",
Saturday,,,,,,,,,,,,
8/1/26,Sa,1,LID,Liar's Dice,Final,B,SE,Continuous,1,Grand Ballroom,"Anderson, Erika",
8/1/26,Sa,7:30,--,Yoga for all levels,--,--,--,--,0.75,Ski Lodge Deck,"Lewis, Jeff",
8/1/26,Sa,8,--,WBC After Action Meeting,--,--,--,--,1,Wintergreen,"Gutermuth, Ken",
8/1/26,Sa,8,--,Registration,--,--,--,--,14,Stag Pass,"Gutermuth, Ken",
8/1/26,Sa,8,--,Shuttle to Pittsburgh Airport,--,--,--,--,2,Hotel Lobby,Seven Springs,
8/1/26,Sa,9,--,Open Gaming,--,--,--,--,15,Exhibit Hall,"Buckwalter, Scott",
8/1/26,Sa,9,--,Open Gaming Library Opens,--,--,--,--,14,Exhibit Hall,"Buckwalter, Scott",
8/1/26,Sa,9,--,Lost Cities Juniors,--,C,Jr SE,--,4,Hemlock,"Byrd, Megan",
8/1/26,Sa,9,SBS,Space Base,Demo 1/1,--,--,---,1,Exhibit Hall Annex #1,"Coussis, John",
8/1/26,Sa,9,BCY,Battle Cry,Round 1/3,A,SEM,Continuous,2,First Tracks Poolside,"Heintzelman, Geoff",
8/1/26,Sa,9,CQP,Conquest of Paradise,Heat 3/3,B,HMW-P,Scheduled,3,First Tracks Center,"McPartland, Kevin",
8/1/26,Sa,9,CRK,Crokinole,Heat 4/4,C,SwEl,Scheduled,2,Snowflake,"Brown, Steve",
8/1/26,Sa,9,WOR,War of the Ring,Round 2/4,C,SEM,Continuous,4,Fox Den,"Martin, Jeromey",
8/1/26,Sa,9,WWR,Washington's War,Round 1/3,B,SwEl,Continuous,3,Maple,"Peeck, Bill",
8/1/26,Sa,9,WSM,Wooden Ships & Iron Men,Round 8/8,B,SwEl,Freeform,2,Winterberry,"Hitchings, Tim",
8/1/26,Sa,9,65S,65: Squad Level Battles,Semifinal,B,SE,Scheduled,3,Winterberry,"Shedden, Sephen",
8/1/26,Sa,9,BAR,Battles of the American Revolution,Semifinal,B,SwEl,Scheduled,4,Foggy Brews,"Miklos, Mark",
8/1/26,Sa,9,BWD,Bitter Woods,Semifinal,A,SwEl,Freeform,7,Winterberry,"Sinigaglio, Bruno",
8/1/26,Sa,9,DSP,Dominant Species,Semifinal,B,HMW-P,Scheduled,4,Seasons,"McKinnes, Luke",
8/1/26,Sa,9,DNI,Dune Imperium,Semifinal,B,HMW-P,Scheduled,3,Seasons,"Spencer, Jay",
8/1/26,Sa,9,MOV,Merchant of Venus,Semifinal,B,HMW-P,Scheduled,3,Seasons,"Irving, Richard",
8/1/26,Sa,9,PZB,Panzerblitz,Semifinal,B,SwEl,Freeform,6,Winterberry,"Northey, Rick",
8/1/26,Sa,9,SQL,Squad Leader,Semifinal,A,SwEl,Freeform,4,Winterberry,Pollard. Pete,
8/1/26,Sa,9,WSN,Wingspan,Semifinal,B,HMW-P,Scheduled,2,Grand Ballroom,"Swift, Patti",
8/1/26,Sa,9,DUN,Dune,Final,A,HE,Scheduled,5,Dogwood,"Johnson, Brad",
8/1/26,Sa,9,HIS,Here I Stand,Final,B,HMW-P,Scheduled,6,Wagner's Run,"Rice, Justin",
8/1/26,Sa,10,--,Vendors,--,--,--,--,8,Timberstone,"Gutermuth, Ken",
8/1/26,Sa,10,--,M44 - Geilenkirchen Salient,--,--,--,--,4,First Tracks Slopeside,"Edelston, Sam",
8/1/26,Sa,10,DIP,Diplomacy,Round 2/3,B,SW,Scheduled,4,Alpine,"Wilsbach, Anton",
8/1/26,Sa,10,SBS,Space Base,Heat 1/2,B,HMW-P,Scheduled,2,Grand Ballroom,"Coussis, John",
8/1/26,Sa,10,AUT,Automobile,Semifinal,B,HMW-P,Scheduled,3,Seasons,"Borton, D.J.",
8/1/26,Sa,10,TRC,The Russian Campaign,Semifinal,A,SwEl,Freeform,5,Winterberry,"Karahalios, George",
8/1/26,Sa,10,ASL,Advanced Squad Leader,Final,A,SE,Continuous,5,Winterberry,"Schilling, Curt",
8/1/26,Sa,10,AFK,Afrika Korps,Final,A,SwEl,Freeform,7,Winterberry,"Sinigaglio, Bruno",
8/1/26,Sa,10,WAT,Waterloo,Final,A,SwEl,Freeform,6,Winterberry,"Musella, Martin",
8/1/26,Sa,11,BCY,Battle Cry,Round 2/3,A,SEM,Continuous,2,First Tracks Poolside,"Heintzelman, Geoff",
8/1/26,Sa,11,TTR,Ticket To Ride,Quarterfinal,B,HMW-T,Scheduled,2,Seasons,"Grey, Katie",
8/1/26,Sa,11,NVG,Navegador,Semifinal,B,HMW-P,Scheduled,2,Seasons,"Martin, Chad",
8/1/26,Sa,11,TTN,Titan,Final,A,HMW-P,Scheduled,5,Laurel,"desJardins, David",
8/1/26,Sa,11,WSN,Wingspan,Final,B,HMW-P,Scheduled,2,Grand Ballroom,"Swift, Patti",
8/1/26,Sa,12,TTA,Titan The Arena,Heat 3/3,B,HMW-P,Scheduled,1,Seasons,"Breza, Kevin",
8/1/26,Sa,12,WWR,Washington's War,Round 2/3,B,SwEl,Continuous,3,Maple,"Peeck, Bill",
8/1/26,Sa,12,WPS,"Win, Place, & Show",Heat 3/3,C,HWO,Scheduled,3,Evergreen,"Romano, Joseph",
8/1/26,Sa,12,CRK,Crokinole,Quarterfinal,C,SwEl,Scheduled,2,Snowflake,"Brown, Steve",
8/1/26,Sa,12,CQP,Conquest of Paradise,Semifinal,B,HMW-P,Scheduled,3,First Tracks Center,"McPartland, Kevin",
8/1/26,Sa,12,LLM,Leaping Lemmings,Semifinal,C,HWO,Scheduled,2,Sunburst,"Powers, Bill",
8/1/26,Sa,12,DNI,Dune Imperium,Final,B,HMW-P,Scheduled,3,Laurel,"Spencer, Jay",
8/1/26,Sa,12,V19,Versailles 1919,Final,B,HMW-P,Scheduled,3,Laurel,"Pettis, Roy",
8/1/26,Sa,13,--,Above the Trenches,--,--,--,--,2,First Tracks Center,"Radgoski, Richard",
8/1/26,Sa,13,--,An Uncivil Peace,--,--,--,--,2,First Tracks Center,"Poniske, John",
8/1/26,Sa,13,BCY,Battle Cry,Round 3/3,A,SEM,Continuous,2,First Tracks Poolside,"Heintzelman, Geoff",
8/1/26,Sa,13,CFR,Championship Formula Racing,Heat 3/3,B,HMW-P,Scheduled,4,Evergreen,"Long, Chris",
8/1/26,Sa,13,EGZ,Egizia,Heat 3/3,B,HMW-P,Scheduled,2,Seasons,"Emerick, Andrew",
8/1/26,Sa,13,PRO,Puerto Rico,Heat 3/3,B,HMW-P,Scheduled,2,Seasons,"Shay, Richard",
8/1/26,Sa,13,SBS,Space Base,Heat 2/2,B,HMW-P,Scheduled,2,Grand Ballroom,"Coussis, John",
8/1/26,Sa,13,WOR,War of the Ring,Round 3/4,C,SEM,Continuous,4,Fox Den,"Martin, Jeromey",
8/1/26,Sa,13,COB,Castles of Burgundy,Semifinal,B,HMW-P,Scheduled,3,Seasons,"Irving, Richard",
8/1/26,Sa,13,PRC,Pirate's Cove,Semifinal,B,HMW-P,Scheduled,2,Grand Ballroom,"Otwell, Janet",
8/1/26,Sa,13,QOQ,Quacks,Semifinal,B,HMW-P,Scheduled,2,Seasons,"Hansen, Virginia",
8/1/26,Sa,13,TTR,Ticket To Ride,Semifinal,B,HMW-T,Scheduled,2,Seasons,"Grey, Katie",
8/1/26,Sa,13,MOV,Merchant of Venus,Final,B,HMW-P,Scheduled,3,Seasons,"Irving, Richard",
8/1/26,Sa,13,NVG,Navegador,Final,B,HMW-P,Scheduled,2,Laurel,"Martin, Chad",
8/1/26,Sa,13,SQL,Squad Leader,Final,A,SwEl,Freeform,4,Winterberry,Pollard. Pete,
8/1/26,Sa,14,--,M44 - Operation Market Garden,--,--,--,--,4,First Tracks Slopeside,"Edelston, Sam",
8/1/26,Sa,14,--,Monsters Menace America Juniors,--,C,Jr SE,--,4,Hemlock,"Pack, David-John",
8/1/26,Sa,14,65S,65: Squad Level Battles,Final,B,SE,Scheduled,3,Winterberry,"Shedden, Sephen",
8/1/26,Sa,14,CMS,Circus Maximus,Final,C,HMW-P,Scheduled,4,Wintergreen,"Smith, Barry",
8/1/26,Sa,14,FFM,Freeman's Farm,Final,B,HMW-P,Scheduled,3,Foggy Brews,"Lange, Jeff",
8/1/26,Sa,14,LLM,Leaping Lemmings,Final,C,HWO,Scheduled,2,Wintergreen,"Powers, Bill",
8/1/26,Sa,14,RRY,Robo Rally,Final,C,HWO,Scheduled,3,Grand Ballroom,"Houde, Marc",
8/1/26,Sa,15,E&T,Euphrat & Tigris,Heat 3/3,B,HMW-P,Scheduled,2,Seasons,"Moffit, Craig",
8/1/26,Sa,15,WWR,Washington's War,Round 3/3,B,SwEl,Continuous,3,Maple,"Peeck, Bill",
8/1/26,Sa,15,BCY,Battle Cry,Semifinal,A,SEM,Continuous,2,First Tracks Poolside,"Heintzelman, Geoff",
8/1/26,Sa,15,CNC,Concordia,Semifinal,B,HMW-P,Scheduled,2,Seasons,"Katz, Chris",
8/1/26,Sa,15,CRK,Crokinole,Semifinal,C,SwEl,Scheduled,2,Snowflake,"Brown, Steve",
8/1/26,Sa,15,TTA,Titan The Arena,Semifinal,B,HMW-P,Scheduled,1,Seasons,"Breza, Kevin",
8/1/26,Sa,15,BAR,Battles of the American Revolution,Final,B,SwEl,Scheduled,5,Foggy Brews,"Miklos, Mark",
8/1/26,Sa,15,CQP,Conquest of Paradise,Final,B,HMW-P,Scheduled,3,Wintergreen,"McPartland, Kevin",
8/1/26,Sa,15,DSP,Dominant Species,Final,B,HMW-P,Scheduled,4,Seasons,"McKinnes, Luke",
8/1/26,Sa,15,FBS,Football Strategy,Final,B,HMSE,Scheduled,2,Evergreen,"Schoose, Bert",
8/1/26,Sa,15,HWD,History of the World,Final,B,HMW-P,Scheduled,6,Laurel,"Fournier,Roberto",
8/1/26,Sa,15,PZB,Panzerblitz,Final,B,SwEl,Freeform,6,Winterberry,"Northey, Rick",
8/1/26,Sa,15,PRC,Pirate's Cove,Final,B,HMW-P,Scheduled,2,Grand Ballroom,"Otwell, Janet",
8/1/26,Sa,15,TTR,Ticket To Ride,Final,B,HMW-T,Scheduled,2,Seasons,"Grey, Katie",
8/1/26,Sa,16,LST,Lost Cities,Heat 3/4,B,SwEl,Scheduled,1,Sunburst,"Pettis, Roy",
8/1/26,Sa,16,SBS,Space Base,Semifinal,B,HMW-P,Scheduled,2,Alpine,"Coussis, John",
8/1/26,Sa,16,WSM,Wooden Ships & Iron Men,Semifinal,B,SwEl,Freeform,2,Winterberry,"Hitchings, Tim",
8/1/26,Sa,16,BWD,Bitter Woods,Final,A,SwEl,Freeform,7,Winterberry,"Sinigaglio, Bruno",
8/1/26,Sa,16,COB,Castles of Burgundy,Final,B,HMW-P,Scheduled,3,Seasons,"Irving, Richard",
8/1/26,Sa,16,TTA,Titan The Arena,Final,B,HMW-P,Scheduled,1,Seasons,"Breza, Kevin",
8/1/26,Sa,16,WPS,"Win, Place, & Show",Final,C,HWO,Scheduled,3,Evergreen,"Romano, Joseph",
8/1/26,Sa,17,WOR,War of the Ring,Round 4/4,C,SEM,Continuous,4,Fox Den,"Martin, Jeromey",
8/1/26,Sa,17,ACQ,Acquire,Semifinal,B,HMW-P,Scheduled,2,Seasons,"Ackman, Cliff",
8/1/26,Sa,17,E&T,Euphrat & Tigris,Semifinal,B,HMW-P,Scheduled,2,Seasons,"Moffit, Craig",
8/1/26,Sa,17,NVW,Naval War,Semifinal,B,HWO,Scheduled,3,Grand Ballroom,"Kramer, James",
8/1/26,Sa,17,BCY,Battle Cry,Final,A,SEM,Continuous,2,Laurel,"Heintzelman, Geoff",
8/1/26,Sa,17,FDE,Formula De,Final,C,HMW-P,Scheduled,4,Dogwood,"Meader, Eric",
8/1/26,Sa,17,GXT,Galaxy Trucker,Final,B,HMW-P,Scheduled,2,First Tracks Center,"Finberg, David",
8/1/26,Sa,17,TRC,The Russian Campaign,Final,A,SwEl,Freeform,5,Winterberry,"Karahalios, George",
8/1/26,Sa,18,--,Can't Stop Juniors,--,C,Jr SE,--,2,Hemlock,"Evinger, Tim",
8/1/26,Sa,18,LST,Lost Cities,Heat 4/4,B,SwEl,Scheduled,1,Sunburst,"Pettis, Roy",
8/1/26,Sa,18,WWR,Washington's War,Semifinal,B,SwEl,Continuous,3,Maple,"Peeck, Bill",
8/1/26,Sa,18,CNC,Concordia,Final,B,HMW-P,Scheduled,2,Laurel,"Katz, Chris",
8/1/26,Sa,18,CRK,Crokinole,Final,C,SwEl,Scheduled,2,Snowflake,"Brown, Steve",
8/1/26,Sa,18,SBS,Space Base,Final,B,HMW-P,Scheduled,2,Alpine,"Coussis, John",
8/1/26,Sa,18,TNW,The Napoleonic Wars,Final,B,HE,Scheduled,6,Wagner's Run,"Williams, Gareth",
8/1/26,Sa,19,--,M44 - Stalingrad: End of the 6th Army,--,--,--,--,4,First Tracks Slopeside,"Edelston, Sam",
8/1/26,Sa,19,DIP,Diplomacy,Round 3/3,B,SW,Scheduled,4,Alpine,"Wilsbach, Anton",
8/1/26,Sa,19,ORL,Orleans,Semifinal,A,HMW-P,Scheduled,2,Seasons,"Jiang, Allan",
8/1/26,Sa,19,PRO,Puerto Rico,Semifinal,B,HMW-P,Scheduled,2,Seasons,"Shay, Richard",
8/1/26,Sa,19,AOA,Ace of Aces,Final,C,SwEl,Freeform,1,Chestnut,"Chesnut, Matt",
8/1/26,Sa,19,ACQ,Acquire,Final,B,HMW-P,Scheduled,2,Laurel,"Ackman, Cliff",
8/1/26,Sa,19,E&T,Euphrat & Tigris,Final,B,HMW-P,Scheduled,2,Seasons,"Moffit, Craig",
8/1/26,Sa,19,WSM,Wooden Ships & Iron Men,Final,B,SwEl,Freeform,2,Winterberry,"Hitchings, Tim",
8/1/26,Sa,20,LST,Lost Cities,Quarterfinal,B,SwEl,Scheduled,1,Sunburst,"Pettis, Roy",
8/1/26,Sa,20,NVW,Naval War,Final,B,HWO,Scheduled,3,Laurel,"Kramer, James",
8/1/26,Sa,21,FI5,Facts In Five,Round 1/1,C,HWO,Scheduled,2,Grand Ballroom,"Corrado, John",
8/1/26,Sa,21,LST,Lost Cities,Semifinal,B,SwEl,Scheduled,1,Sunburst,"Pettis, Roy",
8/1/26,Sa,21,RFG,Race for the Galaxy,Semifinal,B,HMW-P,Scheduled,1,Seasons,"Freeman, Eric",
8/1/26,Sa,21,WOR,War of the Ring,Semifinal,C,SEM,Continuous,4,Fox Den,"Martin, Jeromey",
8/1/26,Sa,21,ORL,Orleans,Final,A,HMW-P,Scheduled,2,Laurel,"Jiang, Allan",
8/1/26,Sa,21,PRO,Puerto Rico,Final,B,HMW-P,Scheduled,2,Laurel,"Shay, Richard",
8/1/26,Sa,22,LST,Lost Cities,Final,B,SwEl,Scheduled,1,Sunburst,"Pettis, Roy",
8/1/26,Sa,22,RFG,Race for the Galaxy,Final,B,HMW-P,Scheduled,1,Seasons,"Freeman, Eric",
8/1/26,Sa,22,WWR,Washington's War,Final,B,SwEl,Continuous,3,Maple,"Peeck, Bill",
8/1/26,Sa,23,--,Open Gaming Library Closes,--,--,--,--,--,Exhibit Hall,"Buckwalter, Scott",
8/1/26,Sa,24,--,Open Gaming Closes,--,--,--,--,--,Exhibit Hall,"Buckwalter, Scott",
Sunday,,,,,,,,,,,,
8/2/26,Su,4,--,Shuttle to Pittsburgh Airport,--,--,--,--,2,Hotel Lobby,Seven Springs,
8/2/26,Su,8,--,Registration,--,--,--,--,6,Stag Pass,"Gutermuth, Ken",
8/2/26,Su,8,--,Christian Worship Service,--,--,--,--,1,Sunburst,"Petroski, Glenn",
8/2/26,Su,9,--,Open Gaming,--,--,--,--,13,Seasons,"Gutermuth, Ken",
8/2/26,Su,9,--,Shuttle to Pittsburgh Airport,--,--,--,--,2,Hotel Lobby,Seven Springs,
8/2/26,Su,9,TAM,Transamerica,Demo 1/1,--,--,---,1,Grand Ballroom,"Breza, Kevin",
8/2/26,Su,9,ATS,Attack Sub,Heat 1/3,A,SwEl,Continuous,1,Seasons,"Lewis, Andy",
8/2/26,Su,9,EGZ,Egizia,Semifinal,B,HMW-P,Scheduled,2,Seasons,"Emerick, Andrew",
8/2/26,Su,9,EIS,Enemy in Sight,Semifinal,B,HWO,Scheduled,3,Grand Ballroom,"Evinger, Matt",
8/2/26,Su,9,CFR,Championship Formula Racing,Final,B,HMW-P,Scheduled,4,Seasons,"Long, Chris",
8/2/26,Su,9,WOR,War of the Ring,Final,C,SEM,Continuous,4,Seasons,"Martin, Jeromey",
8/2/26,Su,10,--,Catholic Mass,--,--,--,--,1,Sunburst,Seven Springs,
8/2/26,Su,10,ATS,Attack Sub,Heat 2/3,A,SwEl,Continuous,1,Seasons,"Lewis, Andy",
8/2/26,Su,10,TAM,Transamerica,Heat 1/1,B,HMW-P,Scheduled,1,Grand Ballroom,"Breza, Kevin",
8/2/26,Su,10,AUT,Automobile,Final,B,HMW-P,Scheduled,3,Seasons,"Borton, D.J.",
8/2/26,Su,11,ATS,Attack Sub,Heat 3/3,A,SwEl,Continuous,1,Seasons,"Lewis, Andy",
8/2/26,Su,11,TAM,Transamerica,Semifinal,B,HMW-P,Scheduled,1,Grand Ballroom,"Breza, Kevin",
8/2/26,Su,11,EGZ,Egizia,Final,B,HMW-P,Scheduled,2,Seasons,"Emerick, Andrew",
8/2/26,Su,11,QOQ,Quacks,Final,B,HMW-P,Scheduled,2,Seasons,"Hansen, Virginia",
8/2/26,Su,12,ATS,Attack Sub,Quarterfinal,A,SwEl,Continuous,1,Seasons,"Lewis, Andy",
8/2/26,Su,12,EIS,Enemy in Sight,Final,B,HWO,Scheduled,3,Grand Ballroom,"Evinger, Matt",
8/2/26,Su,13,--,Shuttle to Pittsburgh Airport,--,--,--,--,2,Hotel Lobby,Seven Springs,
8/2/26,Su,13,ATS,Attack Sub,Semifinal,A,SwEl,Continuous,1,Seasons,"Lewis, Andy",
8/2/26,Su,13,TAM,Transamerica,Final,B,HMW-P,Scheduled,1,Grand Ballroom,"Breza, Kevin",
8/2/26,Su,14,ATS,Attack Sub,Final,A,SwEl,Continuous,1,Seasons,"Lewis, Andy",
8/2/26,Su,22,--,Open Gaming Closes,--,--,--,--,--,Seasons,"Gutermuth, Ken",